ville,seuil_mm,plage,P_declenchement,prime_pct,Lambda_assurance
NYC,1.0,18h-01h,0.13802816901408452,0.018,0.1304081632653061
NYC,1.0,18h-01h,0.13802816901408452,0.05,0.3622448979591837
NYC,1.0,18h-01h,0.13802816901408452,0.1,0.7244897959183674
NYC,1.0,18h-01h,0.13802816901408452,0.18,1.304081632653061
NYC,1.0,12h-24h,0.18873239436619718,0.018,0.0953731343283582
NYC,1.0,12h-24h,0.18873239436619718,0.05,0.2649253731343284
NYC,1.0,12h-24h,0.18873239436619718,0.1,0.5298507462686568
NYC,1.0,12h-24h,0.18873239436619718,0.18,0.9537313432835821
NYC,2.5,18h-01h,0.09577464788732394,0.018,0.18794117647058822
NYC,2.5,18h-01h,0.09577464788732394,0.05,0.5220588235294118
NYC,2.5,18h-01h,0.09577464788732394,0.1,1.0441176470588236
NYC,2.5,18h-01h,0.09577464788732394,0.18,1.8794117647058823
NYC,2.5,12h-24h,0.1295774647887324,0.018,0.13891304347826086
NYC,2.5,12h-24h,0.1295774647887324,0.05,0.38586956521739135
NYC,2.5,12h-24h,0.1295774647887324,0.1,0.7717391304347827
NYC,2.5,12h-24h,0.1295774647887324,0.18,1.3891304347826088
NYC,5.0,18h-01h,0.059154929577464786,0.018,0.30428571428571427
NYC,5.0,18h-01h,0.059154929577464786,0.05,0.8452380952380953
NYC,5.0,18h-01h,0.059154929577464786,0.1,1.6904761904761907
NYC,5.0,18h-01h,0.059154929577464786,0.18,3.0428571428571427
NYC,5.0,12h-24h,0.09295774647887324,0.018,0.1936363636363636
NYC,5.0,12h-24h,0.09295774647887324,0.05,0.537878787878788
NYC,5.0,12h-24h,0.09295774647887324,0.1,1.075757575757576
NYC,5.0,12h-24h,0.09295774647887324,0.18,1.9363636363636363
MIA,1.0,18h-01h,0.10526315789473684,0.018,0.17099999999999999
MIA,1.0,18h-01h,0.10526315789473684,0.05,0.47500000000000003
MIA,1.0,18h-01h,0.10526315789473684,0.1,0.9500000000000001
MIA,1.0,18h-01h,0.10526315789473684,0.18,1.71
MIA,1.0,12h-24h,0.38596491228070173,0.018,0.046636363636363636
MIA,1.0,12h-24h,0.38596491228070173,0.05,0.12954545454545455
MIA,1.0,12h-24h,0.38596491228070173,0.1,0.2590909090909091
MIA,1.0,12h-24h,0.38596491228070173,0.18,0.46636363636363637
MIA,2.5,18h-01h,0.10526315789473684,0.018,0.17099999999999999
MIA,2.5,18h-01h,0.10526315789473684,0.05,0.47500000000000003
MIA,2.5,18h-01h,0.10526315789473684,0.1,0.9500000000000001
MIA,2.5,18h-01h,0.10526315789473684,0.18,1.71
MIA,2.5,12h-24h,0.3684210526315789,0.018,0.048857142857142856
MIA,2.5,12h-24h,0.3684210526315789,0.05,0.13571428571428573
MIA,2.5,12h-24h,0.3684210526315789,0.1,0.27142857142857146
MIA,2.5,12h-24h,0.3684210526315789,0.18,0.4885714285714286
MIA,5.0,18h-01h,0.08771929824561403,0.018,0.2052
MIA,5.0,18h-01h,0.08771929824561403,0.05,0.5700000000000001
MIA,5.0,18h-01h,0.08771929824561403,0.1,1.1400000000000001
MIA,5.0,18h-01h,0.08771929824561403,0.18,2.052
MIA,5.0,12h-24h,0.2807017543859649,0.018,0.064125
MIA,5.0,12h-24h,0.2807017543859649,0.05,0.17812500000000003
MIA,5.0,12h-24h,0.2807017543859649,0.1,0.35625000000000007
MIA,5.0,12h-24h,0.2807017543859649,0.18,0.64125
CHI,1.0,18h-01h,0.07017543859649122,0.018,0.2565
CHI,1.0,18h-01h,0.07017543859649122,0.05,0.7125000000000001
CHI,1.0,18h-01h,0.07017543859649122,0.1,1.4250000000000003
CHI,1.0,18h-01h,0.07017543859649122,0.18,2.565
CHI,1.0,12h-24h,0.12280701754385964,0.018,0.14657142857142857
CHI,1.0,12h-24h,0.12280701754385964,0.05,0.4071428571428572
CHI,1.0,12h-24h,0.12280701754385964,0.1,0.8142857142857144
CHI,1.0,12h-24h,0.12280701754385964,0.18,1.4657142857142857
CHI,2.5,18h-01h,0.017543859649122806,0.018,1.026
CHI,2.5,18h-01h,0.017543859649122806,0.05,2.8500000000000005
CHI,2.5,18h-01h,0.017543859649122806,0.1,5.700000000000001
CHI,2.5,18h-01h,0.017543859649122806,0.18,10.26
CHI,2.5,12h-24h,0.08771929824561403,0.018,0.2052
CHI,2.5,12h-24h,0.08771929824561403,0.05,0.5700000000000001
CHI,2.5,12h-24h,0.08771929824561403,0.1,1.1400000000000001
CHI,2.5,12h-24h,0.08771929824561403,0.18,2.052
CHI,5.0,18h-01h,0.0,0.018,
CHI,5.0,18h-01h,0.0,0.05,
CHI,5.0,18h-01h,0.0,0.1,
CHI,5.0,18h-01h,0.0,0.18,
CHI,5.0,12h-24h,0.07017543859649122,0.018,0.2565
CHI,5.0,12h-24h,0.07017543859649122,0.05,0.7125000000000001
CHI,5.0,12h-24h,0.07017543859649122,0.1,1.4250000000000003
CHI,5.0,12h-24h,0.07017543859649122,0.18,2.565
