ville,L,volume_median,oi_max_median,oi_achat_median,part_oi_max,part_oi_achat,part_volume,jours_oi_max_sup_L,jours_volume_sup_L
NYC,2000,3226.66,1989.56,2.0,1.0052473913830193,1000.0,0.6198359913966764,0.49859154929577465,0.5746478873239437
NYC,5000,3226.66,1989.56,2.0,2.5131184784575487,2500.0,1.5495899784916911,0.3352112676056338,0.39154929577464787
NYC,10000,3226.66,1989.56,2.0,5.026236956915097,5000.0,3.0991799569833822,0.24225352112676057,0.2676056338028169
NYC,20000,3226.66,1989.56,2.0,10.052473913830195,10000.0,6.1983599139667644,0.1323943661971831,0.18873239436619718
MIA,2000,23017.65,10855.83,114.5,0.1842328039403712,17.467248908296945,0.08688984322900035,0.8947368421052632,0.9298245614035088
MIA,5000,23017.65,10855.83,114.5,0.460582009850928,43.66812227074236,0.21722460807250088,0.7543859649122807,0.8947368421052632
MIA,10000,23017.65,10855.83,114.5,0.921164019701856,87.33624454148472,0.43444921614500176,0.5263157894736842,0.7543859649122807
MIA,20000,23017.65,10855.83,114.5,1.842328039403712,174.67248908296943,0.8688984322900035,0.2807017543859649,0.5614035087719298
CHI,2000,14873.99,8620.41,102.66,0.23200752632415397,19.481784531463084,0.13446291143129718,0.9122807017543859,0.9122807017543859
CHI,5000,14873.99,8620.41,102.66,0.580018815810385,48.70446132865771,0.33615727857824296,0.7192982456140351,0.8771929824561403
CHI,10000,14873.99,8620.41,102.66,1.16003763162077,97.40892265731541,0.6723145571564859,0.42105263157894735,0.6491228070175439
CHI,20000,14873.99,8620.41,102.66,2.32007526324154,194.81784531463083,1.3446291143129718,0.19298245614035087,0.38596491228070173
