e,semivar_reduction,cout_espere,cout_par_variance_reduite,var0,varr,E_pertes,ville,L,ratio,ratio_val,N_contrats,h_star
0.12622163856548496,0.13087540098893724,-1955.9157667749969,-0.0001904081951987039,81382438.24,71110213.53489281,47527.6,NYC,2000,0.25,0.25,500.0,685.7142857142858
0.1364594355379286,0.15179544851889615,-3911.831533550001,-0.0003522458421366849,81382438.24,70277036.65506926,47527.6,NYC,2000,0.5,0.5,1000.0,685.7142857142858
0.03071339091733083,0.06418609695436928,-5867.747300324998,-0.0023475396571124504,81382438.24,78882907.60052934,47527.6,NYC,2000,0.75,0.75,1500.0,685.7142857142858
-0.19101649529630893,-0.13305058394834135,-7823.663067100002,,81382438.24,96927826.3712731,47527.6,NYC,2000,1.0,1.0,2000.0,685.7142857142858
0.1435635871126415,0.15141140219605287,-2682.398765862854,-0.00022958755452187857,81382438.24,69698883.47829258,47527.6,NYC,2000,r*,0.3428571428571429,685.7142857142858,685.7142857142858
0.12622163856548496,0.13087540098893746,-4889.789416937492,-7.616327807948154e-05,508640239.0,444438834.5930801,118819.0,NYC,5000,0.25,0.25,1250.0,1714.285714285714
0.13645943553792883,0.15179544851889748,-9779.578833874984,-0.00014089833685467342,508640239.0,439231479.0941828,118819.0,NYC,5000,0.5,0.5,2500.0,1714.285714285714
0.03071339091733083,0.06418609695436883,-14669.368250812506,-0.0009390158628449802,508640239.0,493018172.5033084,118819.0,NYC,5000,0.75,0.75,3750.0,1714.285714285714
-0.1910164952963087,-0.13305058394834068,-19559.157667749998,,508640239.0,605798914.8204569,118819.0,NYC,5000,1.0,1.0,5000.0,1714.285714285714
0.14356358711264172,0.15141140219605276,-6705.996914657138,-9.18350218087514e-05,508640239.0,435618021.7393286,118819.0,NYC,5000,r*,0.3428571428571428,1714.285714285714,1714.285714285714
0.12622163856548496,0.13087540098893746,-9779.578833874984,-3.808163903974077e-05,2034560956.0,1777755338.3723204,237638.0,NYC,10000,0.25,0.25,2500.0,3428.571428571428
0.13645943553792883,0.15179544851889748,-19559.15766774997,-7.044916842733671e-05,2034560956.0,1756925916.3767312,237638.0,NYC,10000,0.5,0.5,5000.0,3428.571428571428
0.03071339091733083,0.06418609695436883,-29338.73650162501,-0.0004695079314224901,2034560956.0,1972072690.0132337,237638.0,NYC,10000,0.75,0.75,7500.0,3428.571428571428
-0.1910164952963087,-0.13305058394834068,-39118.315335499996,,2034560956.0,2423195659.2818274,237638.0,NYC,10000,1.0,1.0,10000.0,3428.571428571428
0.14356358711264172,0.15141140219605276,-13411.993829314277,-4.59175109043757e-05,2034560956.0,1742472086.9573145,237638.0,NYC,10000,r*,0.3428571428571428,3428.571428571428,3428.571428571428
0.12622163856548496,0.13087540098893746,-19559.15766774997,-1.9040819519870386e-05,8138243824.0,7111021353.489282,475276.0,NYC,20000,0.25,0.25,5000.0,6857.142857142856
0.13645943553792883,0.15179544851889748,-39118.31533549994,-3.5224584213668355e-05,8138243824.0,7027703665.506925,475276.0,NYC,20000,0.5,0.5,10000.0,6857.142857142856
0.03071339091733083,0.06418609695436883,-58677.47300325002,-0.00023475396571124505,8138243824.0,7888290760.052935,475276.0,NYC,20000,0.75,0.75,15000.0,6857.142857142856
-0.1910164952963087,-0.13305058394834068,-78236.63067099999,,8138243824.0,9692782637.12731,475276.0,NYC,20000,1.0,1.0,20000.0,6857.142857142856
0.14356358711264172,0.15141140219605276,-26823.987658628554,-2.295875545218785e-05,8138243824.0,6969888347.829258,475276.0,NYC,20000,r*,0.3428571428571428,6857.142857142856,6857.142857142856
0.18854687405178927,0.20493978748543373,-2602.2071940500027,-0.00040556845952119175,34029719.04,27613521.890147343,37193.600000000006,MIA,2000,0.25,0.25,500.0,374.99999999999994
0.07218571691983455,0.09097436121752367,-5204.414388099998,-0.0021186647032027687,34029719.04,31573259.374517053,37193.600000000006,MIA,2000,0.5,0.5,1000.0,374.99999999999994
-0.34908347139586415,-0.3472395958914678,-7806.621582149994,,34029719.04,45908931.49310913,37193.600000000006,MIA,2000,0.75,0.75,1500.0,374.99999999999994
-1.0752606908953068,-1.106116309888702,-10408.828776199996,,34029719.04,70620538.24592358,37193.600000000006,MIA,2000,1.0,1.0,2000.0,374.99999999999994
0.16999528346231774,0.18302108807963757,-1951.6553955374911,-0.00033737111862431663,34029719.04,28244827.305652168,37193.600000000006,MIA,2000,r*,0.18749999999999997,374.99999999999994,374.99999999999994
0.18854687405178938,0.2049397874854344,-6505.5179851249995,-0.0001622273838084765,212685744.0,172584511.8134209,92984.00000000001,MIA,5000,0.25,0.25,1250.0,937.4999999999999
0.07218571691983477,0.09097436121752323,-13011.035970249999,-0.0008474658812811063,212685744.0,197332871.09073156,92984.00000000001,MIA,5000,0.5,0.5,2500.0,937.4999999999999
-0.3490834713958637,-0.3472395958914698,-19516.553955375,,212685744.0,286930821.831932,92984.00000000001,MIA,5000,0.75,0.75,3750.0,937.4999999999999
-1.0752606908953064,-1.106116309888701,-26022.071940499984,,212685744.0,441378364.0370223,92984.00000000001,MIA,5000,1.0,1.0,5000.0,937.4999999999999
0.16999528346231785,0.18302108807963602,-4879.138488843746,-0.0001349484474497271,212685744.0,176530170.66032603,92984.00000000001,MIA,5000,r*,0.18749999999999997,937.4999999999999,937.4999999999999
0.18854687405178938,0.2049397874854344,-13011.035970249999,-8.111369190423824e-05,850742976.0,690338047.2536836,185968.00000000003,MIA,10000,0.25,0.25,2500.0,1874.9999999999998
0.07218571691983477,0.09097436121752323,-26022.071940499998,-0.00042373294064055315,850742976.0,789331484.3629262,185968.00000000003,MIA,10000,0.5,0.5,5000.0,1874.9999999999998
-0.3490834713958637,-0.3472395958914698,-39033.10791075,,850742976.0,1147723287.327728,185968.00000000003,MIA,10000,0.75,0.75,7500.0,1874.9999999999998
-1.0752606908953064,-1.106116309888701,-52044.14388099997,,850742976.0,1765513456.1480892,185968.00000000003,MIA,10000,1.0,1.0,10000.0,1874.9999999999998
0.16999528346231785,0.18302108807963602,-9758.276977687492,-6.747422372486354e-05,850742976.0,706120682.6413041,185968.00000000003,MIA,10000,r*,0.18749999999999997,1874.9999999999998,1874.9999999999998
0.18854687405178938,0.2049397874854344,-26022.071940499998,-4.055684595211912e-05,3402971904.0,2761352189.0147343,371936.00000000006,MIA,20000,0.25,0.25,5000.0,3749.9999999999995
0.07218571691983477,0.09097436121752323,-52044.143880999996,-0.00021186647032027657,3402971904.0,3157325937.451705,371936.00000000006,MIA,20000,0.5,0.5,10000.0,3749.9999999999995
-0.3490834713958637,-0.3472395958914698,-78066.2158215,,3402971904.0,4590893149.310912,371936.00000000006,MIA,20000,0.75,0.75,15000.0,3749.9999999999995
-1.0752606908953064,-1.106116309888701,-104088.28776199993,,3402971904.0,7062053824.592357,371936.00000000006,MIA,20000,1.0,1.0,20000.0,3749.9999999999995
0.16999528346231785,0.18302108807963602,-19516.553955374984,-3.373711186243177e-05,3402971904.0,2824482730.5652165,371936.00000000006,MIA,20000,r*,0.18749999999999997,3749.9999999999995,3749.9999999999995
-0.027009225983360974,-0.031478006136474335,9734.246672699996,,48004994.56,49301572.30640105,26211.2,CHI,2000,0.25,0.25,500.0,615.3846153846152
-0.15224878668752329,-0.14348174584668238,19468.493345400002,,48004994.56,55313696.73670116,26211.2,CHI,2000,0.5,0.5,1000.0,615.3846153846152
-0.37571868211248716,-0.33683928428474297,29202.7400181,,48004994.56,66041367.850900315,26211.2,CHI,2000,0.75,0.75,1500.0,615.3846153846152
-0.697418912258253,-0.6158451147090955,38936.9866908,,48004994.56,81484585.64899856,26211.2,CHI,2000,1.0,1.0,2000.0,615.3846153846152
-0.047191994306735374,-0.05024502276688003,11980.611289476921,,48004994.56,50270445.989970386,26211.2,CHI,2000,r*,0.3076923076923076,615.3846153846152,615.3846153846152
-0.027009225983360752,-0.03147800613647278,24335.616681750005,,300031216.0,308134826.9150065,65528.00000000001,CHI,5000,0.25,0.25,1250.0,1538.4615384615383
-0.15224878668752329,-0.14348174584668483,48671.23336349998,,300031216.0,345710604.6043822,65528.00000000001,CHI,5000,0.5,0.5,2500.0,1538.4615384615383
-0.3757186821124874,-0.3368392842847434,73006.85004525,,300031216.0,412758549.06812704,65528.00000000001,CHI,5000,0.75,0.75,3750.0,1538.4615384615383
-0.6974189122582533,-0.6158451147090964,97342.46672699999,,300031216.0,509278660.30624104,65528.00000000001,CHI,5000,1.0,1.0,5000.0,1538.4615384615383
-0.047191994306735596,-0.050245022766881364,29951.528223692294,,300031216.0,314190287.4373149,65528.00000000001,CHI,5000,r*,0.30769230769230765,1538.4615384615383,1538.4615384615383
-0.027009225983360752,-0.03147800613647278,48671.23336350001,,1200124864.0,1232539307.660026,131056.00000000001,CHI,10000,0.25,0.25,2500.0,3076.9230769230767
-0.15224878668752329,-0.14348174584668483,97342.46672699996,,1200124864.0,1382842418.4175289,131056.00000000001,CHI,10000,0.5,0.5,5000.0,3076.9230769230767
-0.3757186821124874,-0.3368392842847434,146013.7000905,,1200124864.0,1651034196.2725081,131056.00000000001,CHI,10000,0.75,0.75,7500.0,3076.9230769230767
-0.6974189122582533,-0.6158451147090964,194684.93345399998,,1200124864.0,2037114641.2249641,131056.00000000001,CHI,10000,1.0,1.0,10000.0,3076.9230769230767
-0.047191994306735596,-0.050245022766881364,59903.05644738459,,1200124864.0,1256761149.7492597,131056.00000000001,CHI,10000,r*,0.30769230769230765,3076.9230769230767,3076.9230769230767
-0.027009225983360752,-0.03147800613647278,97342.46672700002,,4800499456.0,4930157230.640104,262112.00000000003,CHI,20000,0.25,0.25,5000.0,6153.846153846153
-0.15224878668752329,-0.14348174584668483,194684.93345399993,,4800499456.0,5531369673.670115,262112.00000000003,CHI,20000,0.5,0.5,10000.0,6153.846153846153
-0.3757186821124874,-0.3368392842847434,292027.400181,,4800499456.0,6604136785.090033,262112.00000000003,CHI,20000,0.75,0.75,15000.0,6153.846153846153
-0.6974189122582533,-0.6158451147090964,389369.86690799997,,4800499456.0,8148458564.899857,262112.00000000003,CHI,20000,1.0,1.0,20000.0,6153.846153846153
-0.047191994306735596,-0.050245022766881364,119806.11289476918,,4800499456.0,5027044598.997039,262112.00000000003,CHI,20000,r*,0.30769230769230765,6153.846153846153,6153.846153846153
