ville,L,ratio,kappa,F_A,c,delta,gain_deficit,cout,E_S0,E_Sr,cree_valeur
NYC,10000,r*,0.2,0.6,0.05,13411.993829313666,0.0,-13411.993829313666,0.0,0.0,True
NYC,10000,r*,0.2,0.6,0.1,13411.993829315528,0.0,-13411.993829315528,0.0,0.0,True
NYC,10000,r*,0.2,0.6,0.15,13411.993829315528,0.0,-13411.993829315528,0.0,0.0,True
NYC,10000,r*,0.2,0.6,0.2,13411.993829315528,0.0,-13411.993829315528,0.0,0.0,True
NYC,10000,r*,0.2,0.6,0.25,13411.993829313666,0.0,-13411.993829313666,0.0,0.0,True
NYC,10000,r*,0.2,0.6,0.3,13411.993829313666,0.0,-13411.993829313666,0.0,0.0,True
NYC,10000,r*,0.2,0.6,0.35,13411.993829313666,0.0,-13411.993829313666,0.0,0.0,True
NYC,10000,r*,0.2,0.6,0.4,13411.993829313666,0.0,-13411.993829313666,0.0,0.0,True
NYC,10000,r*,0.2,0.6,0.45,13411.993829314597,0.0,-13411.993829314597,0.0,0.0,True
NYC,10000,r*,0.2,0.6,0.5,13411.993829314597,0.0,-13411.993829314597,0.0,0.0,True
NYC,10000,r*,0.2,0.6,0.55,13411.993829315063,0.0,-13411.993829315063,0.0,0.0,True
NYC,10000,r*,0.2,0.6,0.6,13411.993829314131,0.0,-13411.993829314131,0.0,0.0,True
NYC,10000,r*,0.2,0.6,0.65,13411.993829314597,0.0,-13411.993829314597,0.0,0.0,True
NYC,10000,r*,0.2,0.6,0.7,13411.993829313666,0.0,-13411.993829313666,0.0,0.0,True
NYC,10000,r*,0.2,0.6,0.75,13411.993829314364,0.0,-13411.993829314364,0.0,0.0,True
NYC,10000,r*,0.2,0.6,0.8,13411.993829314364,0.0,-13411.993829314364,0.0,0.0,True
NYC,10000,r*,0.2,0.6,0.85,13411.993829314364,0.0,-13411.993829314364,0.0,0.0,True
NYC,10000,r*,0.2,0.6,0.9,13411.993829314364,0.0,-13411.993829314364,0.0,0.0,True
NYC,10000,r*,0.2,0.75,0.05,13411.993829313666,0.0,-13411.993829313666,0.0,0.0,True
NYC,10000,r*,0.2,0.75,0.1,13411.993829315528,0.0,-13411.993829315528,0.0,0.0,True
NYC,10000,r*,0.2,0.75,0.15,13411.993829315528,0.0,-13411.993829315528,0.0,0.0,True
NYC,10000,r*,0.2,0.75,0.2,13411.993829315528,0.0,-13411.993829315528,0.0,0.0,True
NYC,10000,r*,0.2,0.75,0.25,13411.993829313666,0.0,-13411.993829313666,0.0,0.0,True
NYC,10000,r*,0.2,0.75,0.3,13411.993829313666,0.0,-13411.993829313666,0.0,0.0,True
NYC,10000,r*,0.2,0.75,0.35,13411.993829313666,0.0,-13411.993829313666,0.0,0.0,True
NYC,10000,r*,0.2,0.75,0.4,13411.993829313666,0.0,-13411.993829313666,0.0,0.0,True
NYC,10000,r*,0.2,0.75,0.45,13411.993829314597,0.0,-13411.993829314597,0.0,0.0,True
NYC,10000,r*,0.2,0.75,0.5,13411.993829314597,0.0,-13411.993829314597,0.0,0.0,True
NYC,10000,r*,0.2,0.75,0.55,13411.993829315063,0.0,-13411.993829315063,0.0,0.0,True
NYC,10000,r*,0.2,0.75,0.6,13411.993829314131,0.0,-13411.993829314131,0.0,0.0,True
NYC,10000,r*,0.2,0.75,0.65,13411.993829314597,0.0,-13411.993829314597,0.0,0.0,True
NYC,10000,r*,0.2,0.75,0.7,13411.993829313666,0.0,-13411.993829313666,0.0,0.0,True
NYC,10000,r*,0.2,0.75,0.75,13411.993829314364,0.0,-13411.993829314364,0.0,0.0,True
NYC,10000,r*,0.2,0.75,0.8,13411.993829314364,0.0,-13411.993829314364,0.0,0.0,True
NYC,10000,r*,0.2,0.75,0.85,13411.993829314364,0.0,-13411.993829314364,0.0,0.0,True
NYC,10000,r*,0.2,0.75,0.9,13411.993829314364,0.0,-13411.993829314364,0.0,0.0,True
NYC,10000,r*,0.2,0.9,0.05,13411.993829313666,0.0,-13411.993829313666,0.0,0.0,True
NYC,10000,r*,0.2,0.9,0.1,13411.993829315528,0.0,-13411.993829315528,0.0,0.0,True
NYC,10000,r*,0.2,0.9,0.15,13411.993829315528,0.0,-13411.993829315528,0.0,0.0,True
NYC,10000,r*,0.2,0.9,0.2,13411.993829315528,0.0,-13411.993829315528,0.0,0.0,True
NYC,10000,r*,0.2,0.9,0.25,13411.993829313666,0.0,-13411.993829313666,0.0,0.0,True
NYC,10000,r*,0.2,0.9,0.3,13411.993829313666,0.0,-13411.993829313666,0.0,0.0,True
NYC,10000,r*,0.2,0.9,0.35,13411.993829313666,0.0,-13411.993829313666,0.0,0.0,True
NYC,10000,r*,0.2,0.9,0.4,13415.33080143938,3.336972125714291,-13411.993829313666,19.0,2.3151393714285455,True
NYC,10000,r*,0.2,0.9,0.45,13454.86862297174,42.87479365714282,-13411.993829314597,272.0,57.62603171428591,True
NYC,10000,r*,0.2,0.9,0.5,13609.601373108882,197.6075437942856,-13411.993829314597,1505.6,517.562281028572,True
NYC,10000,r*,0.2,0.9,0.55,13942.526249548835,530.5324202337717,-13411.993829315063,4818.181818181877,2165.5197170130186,True
NYC,10000,r*,0.2,0.9,0.6,14428.137065828416,1016.1432365142851,-13411.993829314131,10818.0,5737.283817428574,True
NYC,10000,r*,0.2,0.9,0.65,14912.709748402945,1500.715919088349,-13411.993829314597,19188.153846153793,11684.574250712049,True
NYC,10000,r*,0.2,0.9,0.7,15285.283182833664,1873.2893535199976,-13411.993829313666,28980.57142857138,19614.124660971393,True
NYC,10000,r*,0.2,0.9,0.75,15575.88480726865,2163.890977954286,-13411.993829314364,39392.8,28573.345110228573,True
NYC,10000,r*,0.2,0.9,0.8,15760.775847965791,2348.7820186514277,-13411.993829314364,49618.75,37874.83990674286,True
NYC,10000,r*,0.2,0.9,0.85,15880.326018274363,2468.3321889599993,-13411.993829314364,59434.0,47092.339055200006,True
NYC,10000,r*,0.2,0.9,0.9,15960.59554333722,2548.6017140228564,-13411.993829314364,68666.0,55922.99142988572,True
NYC,10000,r*,0.5,0.6,0.05,13411.993829313666,0.0,-13411.993829313666,0.0,0.0,True
NYC,10000,r*,0.5,0.6,0.1,13411.993829315528,0.0,-13411.993829315528,0.0,0.0,True
NYC,10000,r*,0.5,0.6,0.15,13411.993829315528,0.0,-13411.993829315528,0.0,0.0,True
NYC,10000,r*,0.5,0.6,0.2,13411.993829315528,0.0,-13411.993829315528,0.0,0.0,True
NYC,10000,r*,0.5,0.6,0.25,13411.993829313666,0.0,-13411.993829313666,0.0,0.0,True
NYC,10000,r*,0.5,0.6,0.3,13411.993829313666,0.0,-13411.993829313666,0.0,0.0,True
NYC,10000,r*,0.5,0.6,0.35,13411.993829313666,0.0,-13411.993829313666,0.0,0.0,True
NYC,10000,r*,0.5,0.6,0.4,13411.993829313666,0.0,-13411.993829313666,0.0,0.0,True
NYC,10000,r*,0.5,0.6,0.45,13411.993829314597,0.0,-13411.993829314597,0.0,0.0,True
NYC,10000,r*,0.5,0.6,0.5,13411.993829314597,0.0,-13411.993829314597,0.0,0.0,True
NYC,10000,r*,0.5,0.6,0.55,13411.993829315063,0.0,-13411.993829315063,0.0,0.0,True
NYC,10000,r*,0.5,0.6,0.6,13411.993829314131,0.0,-13411.993829314131,0.0,0.0,True
NYC,10000,r*,0.5,0.6,0.65,13411.993829314597,0.0,-13411.993829314597,0.0,0.0,True
NYC,10000,r*,0.5,0.6,0.7,13411.993829313666,0.0,-13411.993829313666,0.0,0.0,True
NYC,10000,r*,0.5,0.6,0.75,13411.993829314364,0.0,-13411.993829314364,0.0,0.0,True
NYC,10000,r*,0.5,0.6,0.8,13411.993829314364,0.0,-13411.993829314364,0.0,0.0,True
NYC,10000,r*,0.5,0.6,0.85,13411.993829314364,0.0,-13411.993829314364,0.0,0.0,True
NYC,10000,r*,0.5,0.6,0.9,13411.993829314364,0.0,-13411.993829314364,0.0,0.0,True
NYC,10000,r*,0.5,0.75,0.05,13411.993829313666,0.0,-13411.993829313666,0.0,0.0,True
NYC,10000,r*,0.5,0.75,0.1,13411.993829315528,0.0,-13411.993829315528,0.0,0.0,True
NYC,10000,r*,0.5,0.75,0.15,13411.993829315528,0.0,-13411.993829315528,0.0,0.0,True
NYC,10000,r*,0.5,0.75,0.2,13411.993829315528,0.0,-13411.993829315528,0.0,0.0,True
NYC,10000,r*,0.5,0.75,0.25,13411.993829313666,0.0,-13411.993829313666,0.0,0.0,True
NYC,10000,r*,0.5,0.75,0.3,13411.993829313666,0.0,-13411.993829313666,0.0,0.0,True
NYC,10000,r*,0.5,0.75,0.35,13411.993829313666,0.0,-13411.993829313666,0.0,0.0,True
NYC,10000,r*,0.5,0.75,0.4,13411.993829313666,0.0,-13411.993829313666,0.0,0.0,True
NYC,10000,r*,0.5,0.75,0.45,13411.993829314597,0.0,-13411.993829314597,0.0,0.0,True
NYC,10000,r*,0.5,0.75,0.5,13411.993829314597,0.0,-13411.993829314597,0.0,0.0,True
NYC,10000,r*,0.5,0.75,0.55,13411.993829315063,0.0,-13411.993829315063,0.0,0.0,True
NYC,10000,r*,0.5,0.75,0.6,13411.993829314131,0.0,-13411.993829314131,0.0,0.0,True
NYC,10000,r*,0.5,0.75,0.65,13411.993829314597,0.0,-13411.993829314597,0.0,0.0,True
NYC,10000,r*,0.5,0.75,0.7,13411.993829313666,0.0,-13411.993829313666,0.0,0.0,True
NYC,10000,r*,0.5,0.75,0.75,13411.993829314364,0.0,-13411.993829314364,0.0,0.0,True
NYC,10000,r*,0.5,0.75,0.8,13411.993829314364,0.0,-13411.993829314364,0.0,0.0,True
NYC,10000,r*,0.5,0.75,0.85,13411.993829314364,0.0,-13411.993829314364,0.0,0.0,True
NYC,10000,r*,0.5,0.75,0.9,13411.993829314364,0.0,-13411.993829314364,0.0,0.0,True
NYC,10000,r*,0.5,0.9,0.05,13411.993829313666,0.0,-13411.993829313666,0.0,0.0,True
NYC,10000,r*,0.5,0.9,0.1,13411.993829315528,0.0,-13411.993829315528,0.0,0.0,True
NYC,10000,r*,0.5,0.9,0.15,13411.993829315528,0.0,-13411.993829315528,0.0,0.0,True
NYC,10000,r*,0.5,0.9,0.2,13411.993829315528,0.0,-13411.993829315528,0.0,0.0,True
NYC,10000,r*,0.5,0.9,0.25,13411.993829313666,0.0,-13411.993829313666,0.0,0.0,True
NYC,10000,r*,0.5,0.9,0.3,13411.993829313666,0.0,-13411.993829313666,0.0,0.0,True
NYC,10000,r*,0.5,0.9,0.35,13411.993829313666,0.0,-13411.993829313666,0.0,0.0,True
NYC,10000,r*,0.5,0.9,0.4,13420.336259627951,8.342430314285727,-13411.993829313666,19.0,2.3151393714285455,True
NYC,10000,r*,0.5,0.9,0.45,13519.180813457455,107.18698414285704,-13411.993829314597,272.0,57.62603171428591,True
NYC,10000,r*,0.5,0.9,0.5,13906.01268880031,494.01885948571396,-13411.993829314597,1505.6,517.562281028572,True
NYC,10000,r*,0.5,0.9,0.55,14738.324879899492,1326.3310505844292,-13411.993829315063,4818.181818181877,2165.5197170130186,True
NYC,10000,r*,0.5,0.9,0.6,15952.351920599844,2540.358091285713,-13411.993829314131,10818.0,5737.283817428574,True
NYC,10000,r*,0.5,0.9,0.65,17163.783627035467,3751.7897977208722,-13411.993829314597,19188.153846153793,11684.574250712049,True
NYC,10000,r*,0.5,0.9,0.7,18095.21721311366,4683.223383799994,-13411.993829313666,28980.57142857138,19614.124660971393,True
NYC,10000,r*,0.5,0.9,0.75,18821.721274200077,5409.727444885715,-13411.993829314364,39392.8,28573.345110228573,True
NYC,10000,r*,0.5,0.9,0.8,19283.948875942933,5871.955046628569,-13411.993829314364,49618.75,37874.83990674286,True
NYC,10000,r*,0.5,0.9,0.85,19582.82430171436,6170.830472399997,-13411.993829314364,59434.0,47092.339055200006,True
NYC,10000,r*,0.5,0.9,0.9,19783.498114371505,6371.504285057141,-13411.993829314364,68666.0,55922.99142988572,True
NYC,10000,r*,1.0,0.6,0.05,13411.993829313666,0.0,-13411.993829313666,0.0,0.0,True
NYC,10000,r*,1.0,0.6,0.1,13411.993829315528,0.0,-13411.993829315528,0.0,0.0,True
NYC,10000,r*,1.0,0.6,0.15,13411.993829315528,0.0,-13411.993829315528,0.0,0.0,True
NYC,10000,r*,1.0,0.6,0.2,13411.993829315528,0.0,-13411.993829315528,0.0,0.0,True
NYC,10000,r*,1.0,0.6,0.25,13411.993829313666,0.0,-13411.993829313666,0.0,0.0,True
NYC,10000,r*,1.0,0.6,0.3,13411.993829313666,0.0,-13411.993829313666,0.0,0.0,True
NYC,10000,r*,1.0,0.6,0.35,13411.993829313666,0.0,-13411.993829313666,0.0,0.0,True
NYC,10000,r*,1.0,0.6,0.4,13411.993829313666,0.0,-13411.993829313666,0.0,0.0,True
NYC,10000,r*,1.0,0.6,0.45,13411.993829314597,0.0,-13411.993829314597,0.0,0.0,True
NYC,10000,r*,1.0,0.6,0.5,13411.993829314597,0.0,-13411.993829314597,0.0,0.0,True
NYC,10000,r*,1.0,0.6,0.55,13411.993829315063,0.0,-13411.993829315063,0.0,0.0,True
NYC,10000,r*,1.0,0.6,0.6,13411.993829314131,0.0,-13411.993829314131,0.0,0.0,True
NYC,10000,r*,1.0,0.6,0.65,13411.993829314597,0.0,-13411.993829314597,0.0,0.0,True
NYC,10000,r*,1.0,0.6,0.7,13411.993829313666,0.0,-13411.993829313666,0.0,0.0,True
NYC,10000,r*,1.0,0.6,0.75,13411.993829314364,0.0,-13411.993829314364,0.0,0.0,True
NYC,10000,r*,1.0,0.6,0.8,13411.993829314364,0.0,-13411.993829314364,0.0,0.0,True
NYC,10000,r*,1.0,0.6,0.85,13411.993829314364,0.0,-13411.993829314364,0.0,0.0,True
NYC,10000,r*,1.0,0.6,0.9,13411.993829314364,0.0,-13411.993829314364,0.0,0.0,True
NYC,10000,r*,1.0,0.75,0.05,13411.993829313666,0.0,-13411.993829313666,0.0,0.0,True
NYC,10000,r*,1.0,0.75,0.1,13411.993829315528,0.0,-13411.993829315528,0.0,0.0,True
NYC,10000,r*,1.0,0.75,0.15,13411.993829315528,0.0,-13411.993829315528,0.0,0.0,True
NYC,10000,r*,1.0,0.75,0.2,13411.993829315528,0.0,-13411.993829315528,0.0,0.0,True
NYC,10000,r*,1.0,0.75,0.25,13411.993829313666,0.0,-13411.993829313666,0.0,0.0,True
NYC,10000,r*,1.0,0.75,0.3,13411.993829313666,0.0,-13411.993829313666,0.0,0.0,True
NYC,10000,r*,1.0,0.75,0.35,13411.993829313666,0.0,-13411.993829313666,0.0,0.0,True
NYC,10000,r*,1.0,0.75,0.4,13411.993829313666,0.0,-13411.993829313666,0.0,0.0,True
NYC,10000,r*,1.0,0.75,0.45,13411.993829314597,0.0,-13411.993829314597,0.0,0.0,True
NYC,10000,r*,1.0,0.75,0.5,13411.993829314597,0.0,-13411.993829314597,0.0,0.0,True
NYC,10000,r*,1.0,0.75,0.55,13411.993829315063,0.0,-13411.993829315063,0.0,0.0,True
NYC,10000,r*,1.0,0.75,0.6,13411.993829314131,0.0,-13411.993829314131,0.0,0.0,True
NYC,10000,r*,1.0,0.75,0.65,13411.993829314597,0.0,-13411.993829314597,0.0,0.0,True
NYC,10000,r*,1.0,0.75,0.7,13411.993829313666,0.0,-13411.993829313666,0.0,0.0,True
NYC,10000,r*,1.0,0.75,0.75,13411.993829314364,0.0,-13411.993829314364,0.0,0.0,True
NYC,10000,r*,1.0,0.75,0.8,13411.993829314364,0.0,-13411.993829314364,0.0,0.0,True
NYC,10000,r*,1.0,0.75,0.85,13411.993829314364,0.0,-13411.993829314364,0.0,0.0,True
NYC,10000,r*,1.0,0.75,0.9,13411.993829314364,0.0,-13411.993829314364,0.0,0.0,True
NYC,10000,r*,1.0,0.9,0.05,13411.993829313666,0.0,-13411.993829313666,0.0,0.0,True
NYC,10000,r*,1.0,0.9,0.1,13411.993829315528,0.0,-13411.993829315528,0.0,0.0,True
NYC,10000,r*,1.0,0.9,0.15,13411.993829315528,0.0,-13411.993829315528,0.0,0.0,True
NYC,10000,r*,1.0,0.9,0.2,13411.993829315528,0.0,-13411.993829315528,0.0,0.0,True
NYC,10000,r*,1.0,0.9,0.25,13411.993829313666,0.0,-13411.993829313666,0.0,0.0,True
NYC,10000,r*,1.0,0.9,0.3,13411.993829313666,0.0,-13411.993829313666,0.0,0.0,True
NYC,10000,r*,1.0,0.9,0.35,13411.993829313666,0.0,-13411.993829313666,0.0,0.0,True
NYC,10000,r*,1.0,0.9,0.4,13428.678689942237,16.684860628571453,-13411.993829313666,19.0,2.3151393714285455,True
NYC,10000,r*,1.0,0.9,0.45,13626.367797600311,214.37396828571408,-13411.993829314597,272.0,57.62603171428591,True
NYC,10000,r*,1.0,0.9,0.5,14400.031548286024,988.0377189714279,-13411.993829314597,1505.6,517.562281028572,True
NYC,10000,r*,1.0,0.9,0.55,16064.655930483921,2652.6621011688585,-13411.993829315063,4818.181818181877,2165.5197170130186,True
NYC,10000,r*,1.0,0.9,0.6,18492.710011885556,5080.716182571426,-13411.993829314131,10818.0,5737.283817428574,True
NYC,10000,r*,1.0,0.9,0.65,20915.57342475634,7503.5795954417445,-13411.993829314597,19188.153846153793,11684.574250712049,True
NYC,10000,r*,1.0,0.9,0.7,22778.440596913653,9366.446767599988,-13411.993829313666,28980.57142857138,19614.124660971393,True
NYC,10000,r*,1.0,0.9,0.75,24231.448719085794,10819.45488977143,-13411.993829314364,39392.8,28573.345110228573,True
NYC,10000,r*,1.0,0.9,0.8,25155.903922571502,11743.910093257138,-13411.993829314364,49618.75,37874.83990674286,True
NYC,10000,r*,1.0,0.9,0.85,25753.65477411436,12341.660944799994,-13411.993829314364,59434.0,47092.339055200006,True
NYC,10000,r*,1.0,0.9,0.9,26155.002399428646,12743.008570114282,-13411.993829314364,68666.0,55922.99142988572,True
NYC,10000,1,0.2,0.6,0.05,39118.31533549726,0.0,-39118.31533549726,0.0,0.0,True
NYC,10000,1,0.2,0.6,0.1,39118.31533549726,0.0,-39118.31533549726,0.0,0.0,True
NYC,10000,1,0.2,0.6,0.15,39118.31533549912,0.0,-39118.31533549912,0.0,0.0,True
NYC,10000,1,0.2,0.6,0.2,39118.31533549912,0.0,-39118.31533549912,0.0,0.0,True
NYC,10000,1,0.2,0.6,0.25,39118.31533549912,0.0,-39118.31533549912,0.0,0.0,True
NYC,10000,1,0.2,0.6,0.3,39118.31533549912,0.0,-39118.31533549912,0.0,0.0,True
NYC,10000,1,0.2,0.6,0.35,39118.31533549959,0.0,-39118.31533549959,0.0,0.0,True
NYC,10000,1,0.2,0.6,0.4,39118.31533549959,0.0,-39118.31533549959,0.0,0.0,True
NYC,10000,1,0.2,0.6,0.45,39118.315335500054,0.0,-39118.315335500054,0.0,0.0,True
NYC,10000,1,0.2,0.6,0.5,39118.315335500054,0.0,-39118.315335500054,0.0,0.0,True
NYC,10000,1,0.2,0.6,0.55,39118.315335500985,0.0,-39118.315335500985,0.0,0.0,True
NYC,10000,1,0.2,0.6,0.6,39118.315335500054,0.0,-39118.315335500054,0.0,0.0,True
NYC,10000,1,0.2,0.6,0.65,39118.315335500054,0.0,-39118.315335500054,0.0,0.0,True
NYC,10000,1,0.2,0.6,0.7,39118.315335499356,0.0,-39118.315335499356,0.0,0.0,True
NYC,10000,1,0.2,0.6,0.75,39118.31533550029,0.0,-39118.31533550029,0.0,0.0,True
NYC,10000,1,0.2,0.6,0.8,39118.315335500054,0.0,-39118.315335500054,0.0,0.0,True
NYC,10000,1,0.2,0.6,0.85,39118.315335500054,0.0,-39118.315335500054,0.0,0.0,True
NYC,10000,1,0.2,0.6,0.9,39118.315335500054,0.0,-39118.315335500054,0.0,0.0,True
NYC,10000,1,0.2,0.75,0.05,39118.31533549726,0.0,-39118.31533549726,0.0,0.0,True
NYC,10000,1,0.2,0.75,0.1,39118.31533549726,0.0,-39118.31533549726,0.0,0.0,True
NYC,10000,1,0.2,0.75,0.15,39118.31533549912,0.0,-39118.31533549912,0.0,0.0,True
NYC,10000,1,0.2,0.75,0.2,39118.31533549912,0.0,-39118.31533549912,0.0,0.0,True
NYC,10000,1,0.2,0.75,0.25,39118.31533549912,0.0,-39118.31533549912,0.0,0.0,True
NYC,10000,1,0.2,0.75,0.3,39118.31533549912,0.0,-39118.31533549912,0.0,0.0,True
NYC,10000,1,0.2,0.75,0.35,39118.31533549959,0.0,-39118.31533549959,0.0,0.0,True
NYC,10000,1,0.2,0.75,0.4,39118.31533549959,0.0,-39118.31533549959,0.0,0.0,True
NYC,10000,1,0.2,0.75,0.45,39118.315335500054,0.0,-39118.315335500054,0.0,0.0,True
NYC,10000,1,0.2,0.75,0.5,39118.315335500054,0.0,-39118.315335500054,0.0,0.0,True
NYC,10000,1,0.2,0.75,0.55,39118.315335500985,0.0,-39118.315335500985,0.0,0.0,True
NYC,10000,1,0.2,0.75,0.6,39118.315335500054,0.0,-39118.315335500054,0.0,0.0,True
NYC,10000,1,0.2,0.75,0.65,39118.315335500054,0.0,-39118.315335500054,0.0,0.0,True
NYC,10000,1,0.2,0.75,0.7,39118.315335499356,0.0,-39118.315335499356,0.0,0.0,True
NYC,10000,1,0.2,0.75,0.75,39118.31533550029,0.0,-39118.31533550029,0.0,0.0,True
NYC,10000,1,0.2,0.75,0.8,39118.315335500054,0.0,-39118.315335500054,0.0,0.0,True
NYC,10000,1,0.2,0.75,0.85,39118.315335500054,0.0,-39118.315335500054,0.0,0.0,True
NYC,10000,1,0.2,0.75,0.9,39118.315335500054,0.0,-39118.315335500054,0.0,0.0,True
NYC,10000,1,0.2,0.9,0.05,39118.31533549726,0.0,-39118.31533549726,0.0,0.0,True
NYC,10000,1,0.2,0.9,0.1,39118.31533549726,0.0,-39118.31533549726,0.0,0.0,True
NYC,10000,1,0.2,0.9,0.15,39118.31533549912,0.0,-39118.31533549912,0.0,0.0,True
NYC,10000,1,0.2,0.9,0.2,39118.31533549912,0.0,-39118.31533549912,0.0,0.0,True
NYC,10000,1,0.2,0.9,0.25,39118.31533549912,0.0,-39118.31533549912,0.0,0.0,True
NYC,10000,1,0.2,0.9,0.3,39118.31533549912,0.0,-39118.31533549912,0.0,0.0,True
NYC,10000,1,0.2,0.9,0.35,39118.31533549959,0.0,-39118.31533549959,0.0,0.0,True
NYC,10000,1,0.2,0.9,0.4,39122.10650419959,3.7911686999999916,-39118.31533549959,19.0,0.044156500000040975,True
NYC,10000,1,0.2,0.9,0.45,39165.05125990006,46.73592439999998,-39118.315335500054,272.0,38.32037800000012,True
NYC,10000,1,0.2,0.9,0.5,39366.27616070006,247.96082519999996,-39118.315335500054,1505.6,265.7958740000002,True
NYC,10000,1,0.2,0.9,0.55,39863.24629305554,744.930957554554,-39118.315335500985,4818.181818181877,1093.527030409107,True
NYC,10000,1,0.2,0.9,0.6,40670.75474510006,1552.4394095999999,-39118.315335500054,10818.0,3055.802952000001,True
NYC,10000,1,0.2,0.9,0.65,41681.77272073851,2563.457385238456,-39118.315335500054,19188.153846153793,6370.866919961515,True
NYC,10000,1,0.2,0.9,0.7,42699.13081654221,3580.815481042852,-39118.315335499356,28980.57142857138,11076.49402335712,True
NYC,10000,1,0.2,0.9,0.75,43616.12246850029,4497.807133,-39118.31533550029,39392.8,16903.764335000003,True
NYC,10000,1,0.2,0.9,0.8,44353.05235970006,5234.7370242,-39118.315335500054,49618.75,23445.064879,True
NYC,10000,1,0.2,0.9,0.85,44942.56677200006,5824.2514365,-39118.315335500054,59434.0,30312.742817500002,True
NYC,10000,1,0.2,0.9,0.9,45410.66539160005,6292.3500561,-39118.315335500054,68666.0,37204.2497195,True
NYC,10000,1,0.5,0.6,0.05,39118.31533549726,0.0,-39118.31533549726,0.0,0.0,True
NYC,10000,1,0.5,0.6,0.1,39118.31533549726,0.0,-39118.31533549726,0.0,0.0,True
NYC,10000,1,0.5,0.6,0.15,39118.31533549912,0.0,-39118.31533549912,0.0,0.0,True
NYC,10000,1,0.5,0.6,0.2,39118.31533549912,0.0,-39118.31533549912,0.0,0.0,True
NYC,10000,1,0.5,0.6,0.25,39118.31533549912,0.0,-39118.31533549912,0.0,0.0,True
NYC,10000,1,0.5,0.6,0.3,39118.31533549912,0.0,-39118.31533549912,0.0,0.0,True
NYC,10000,1,0.5,0.6,0.35,39118.31533549959,0.0,-39118.31533549959,0.0,0.0,True
NYC,10000,1,0.5,0.6,0.4,39118.31533549959,0.0,-39118.31533549959,0.0,0.0,True
NYC,10000,1,0.5,0.6,0.45,39118.315335500054,0.0,-39118.315335500054,0.0,0.0,True
NYC,10000,1,0.5,0.6,0.5,39118.315335500054,0.0,-39118.315335500054,0.0,0.0,True
NYC,10000,1,0.5,0.6,0.55,39118.315335500985,0.0,-39118.315335500985,0.0,0.0,True
NYC,10000,1,0.5,0.6,0.6,39118.315335500054,0.0,-39118.315335500054,0.0,0.0,True
NYC,10000,1,0.5,0.6,0.65,39118.315335500054,0.0,-39118.315335500054,0.0,0.0,True
NYC,10000,1,0.5,0.6,0.7,39118.315335499356,0.0,-39118.315335499356,0.0,0.0,True
NYC,10000,1,0.5,0.6,0.75,39118.31533550029,0.0,-39118.31533550029,0.0,0.0,True
NYC,10000,1,0.5,0.6,0.8,39118.315335500054,0.0,-39118.315335500054,0.0,0.0,True
NYC,10000,1,0.5,0.6,0.85,39118.315335500054,0.0,-39118.315335500054,0.0,0.0,True
NYC,10000,1,0.5,0.6,0.9,39118.315335500054,0.0,-39118.315335500054,0.0,0.0,True
NYC,10000,1,0.5,0.75,0.05,39118.31533549726,0.0,-39118.31533549726,0.0,0.0,True
NYC,10000,1,0.5,0.75,0.1,39118.31533549726,0.0,-39118.31533549726,0.0,0.0,True
NYC,10000,1,0.5,0.75,0.15,39118.31533549912,0.0,-39118.31533549912,0.0,0.0,True
NYC,10000,1,0.5,0.75,0.2,39118.31533549912,0.0,-39118.31533549912,0.0,0.0,True
NYC,10000,1,0.5,0.75,0.25,39118.31533549912,0.0,-39118.31533549912,0.0,0.0,True
NYC,10000,1,0.5,0.75,0.3,39118.31533549912,0.0,-39118.31533549912,0.0,0.0,True
NYC,10000,1,0.5,0.75,0.35,39118.31533549959,0.0,-39118.31533549959,0.0,0.0,True
NYC,10000,1,0.5,0.75,0.4,39118.31533549959,0.0,-39118.31533549959,0.0,0.0,True
NYC,10000,1,0.5,0.75,0.45,39118.315335500054,0.0,-39118.315335500054,0.0,0.0,True
NYC,10000,1,0.5,0.75,0.5,39118.315335500054,0.0,-39118.315335500054,0.0,0.0,True
NYC,10000,1,0.5,0.75,0.55,39118.315335500985,0.0,-39118.315335500985,0.0,0.0,True
NYC,10000,1,0.5,0.75,0.6,39118.315335500054,0.0,-39118.315335500054,0.0,0.0,True
NYC,10000,1,0.5,0.75,0.65,39118.315335500054,0.0,-39118.315335500054,0.0,0.0,True
NYC,10000,1,0.5,0.75,0.7,39118.315335499356,0.0,-39118.315335499356,0.0,0.0,True
NYC,10000,1,0.5,0.75,0.75,39118.31533550029,0.0,-39118.31533550029,0.0,0.0,True
NYC,10000,1,0.5,0.75,0.8,39118.315335500054,0.0,-39118.315335500054,0.0,0.0,True
NYC,10000,1,0.5,0.75,0.85,39118.315335500054,0.0,-39118.315335500054,0.0,0.0,True
NYC,10000,1,0.5,0.75,0.9,39118.315335500054,0.0,-39118.315335500054,0.0,0.0,True
NYC,10000,1,0.5,0.9,0.05,39118.31533549726,0.0,-39118.31533549726,0.0,0.0,True
NYC,10000,1,0.5,0.9,0.1,39118.31533549726,0.0,-39118.31533549726,0.0,0.0,True
NYC,10000,1,0.5,0.9,0.15,39118.31533549912,0.0,-39118.31533549912,0.0,0.0,True
NYC,10000,1,0.5,0.9,0.2,39118.31533549912,0.0,-39118.31533549912,0.0,0.0,True
NYC,10000,1,0.5,0.9,0.25,39118.31533549912,0.0,-39118.31533549912,0.0,0.0,True
NYC,10000,1,0.5,0.9,0.3,39118.31533549912,0.0,-39118.31533549912,0.0,0.0,True
NYC,10000,1,0.5,0.9,0.35,39118.31533549959,0.0,-39118.31533549959,0.0,0.0,True
NYC,10000,1,0.5,0.9,0.4,39127.79325724959,9.477921749999979,-39118.31533549959,19.0,0.044156500000040975,True
NYC,10000,1,0.5,0.9,0.45,39235.15514650005,116.83981099999994,-39118.315335500054,272.0,38.32037800000012,True
NYC,10000,1,0.5,0.9,0.5,39738.217398500055,619.9020629999999,-39118.315335500054,1505.6,265.7958740000002,True
NYC,10000,1,0.5,0.9,0.55,40980.64272938737,1862.327393886385,-39118.315335500985,4818.181818181877,1093.527030409107,True
NYC,10000,1,0.5,0.9,0.6,42999.413859500055,3881.0985239999995,-39118.315335500054,10818.0,3055.802952000001,True
NYC,10000,1,0.5,0.9,0.65,45526.95879859619,6408.643463096139,-39118.315335500054,19188.153846153793,6370.866919961515,True
NYC,10000,1,0.5,0.9,0.7,48070.35403810648,8952.03870260713,-39118.315335499356,28980.57142857138,11076.49402335712,True
NYC,10000,1,0.5,0.9,0.75,50362.83316800029,11244.5178325,-39118.31533550029,39392.8,16903.764335000003,True
NYC,10000,1,0.5,0.9,0.8,52205.157896000055,13086.8425605,-39118.315335500054,49618.75,23445.064879,True
NYC,10000,1,0.5,0.9,0.85,53678.94392675006,14560.628591249999,-39118.315335500054,59434.0,30312.742817500002,True
NYC,10000,1,0.5,0.9,0.9,54849.19047575005,15730.875140249998,-39118.315335500054,68666.0,37204.2497195,True
NYC,10000,1,1.0,0.6,0.05,39118.31533549726,0.0,-39118.31533549726,0.0,0.0,True
NYC,10000,1,1.0,0.6,0.1,39118.31533549726,0.0,-39118.31533549726,0.0,0.0,True
NYC,10000,1,1.0,0.6,0.15,39118.31533549912,0.0,-39118.31533549912,0.0,0.0,True
NYC,10000,1,1.0,0.6,0.2,39118.31533549912,0.0,-39118.31533549912,0.0,0.0,True
NYC,10000,1,1.0,0.6,0.25,39118.31533549912,0.0,-39118.31533549912,0.0,0.0,True
NYC,10000,1,1.0,0.6,0.3,39118.31533549912,0.0,-39118.31533549912,0.0,0.0,True
NYC,10000,1,1.0,0.6,0.35,39118.31533549959,0.0,-39118.31533549959,0.0,0.0,True
NYC,10000,1,1.0,0.6,0.4,39118.31533549959,0.0,-39118.31533549959,0.0,0.0,True
NYC,10000,1,1.0,0.6,0.45,39118.315335500054,0.0,-39118.315335500054,0.0,0.0,True
NYC,10000,1,1.0,0.6,0.5,39118.315335500054,0.0,-39118.315335500054,0.0,0.0,True
NYC,10000,1,1.0,0.6,0.55,39118.315335500985,0.0,-39118.315335500985,0.0,0.0,True
NYC,10000,1,1.0,0.6,0.6,39118.315335500054,0.0,-39118.315335500054,0.0,0.0,True
NYC,10000,1,1.0,0.6,0.65,39118.315335500054,0.0,-39118.315335500054,0.0,0.0,True
NYC,10000,1,1.0,0.6,0.7,39118.315335499356,0.0,-39118.315335499356,0.0,0.0,True
NYC,10000,1,1.0,0.6,0.75,39118.31533550029,0.0,-39118.31533550029,0.0,0.0,True
NYC,10000,1,1.0,0.6,0.8,39118.315335500054,0.0,-39118.315335500054,0.0,0.0,True
NYC,10000,1,1.0,0.6,0.85,39118.315335500054,0.0,-39118.315335500054,0.0,0.0,True
NYC,10000,1,1.0,0.6,0.9,39118.315335500054,0.0,-39118.315335500054,0.0,0.0,True
NYC,10000,1,1.0,0.75,0.05,39118.31533549726,0.0,-39118.31533549726,0.0,0.0,True
NYC,10000,1,1.0,0.75,0.1,39118.31533549726,0.0,-39118.31533549726,0.0,0.0,True
NYC,10000,1,1.0,0.75,0.15,39118.31533549912,0.0,-39118.31533549912,0.0,0.0,True
NYC,10000,1,1.0,0.75,0.2,39118.31533549912,0.0,-39118.31533549912,0.0,0.0,True
NYC,10000,1,1.0,0.75,0.25,39118.31533549912,0.0,-39118.31533549912,0.0,0.0,True
NYC,10000,1,1.0,0.75,0.3,39118.31533549912,0.0,-39118.31533549912,0.0,0.0,True
NYC,10000,1,1.0,0.75,0.35,39118.31533549959,0.0,-39118.31533549959,0.0,0.0,True
NYC,10000,1,1.0,0.75,0.4,39118.31533549959,0.0,-39118.31533549959,0.0,0.0,True
NYC,10000,1,1.0,0.75,0.45,39118.315335500054,0.0,-39118.315335500054,0.0,0.0,True
NYC,10000,1,1.0,0.75,0.5,39118.315335500054,0.0,-39118.315335500054,0.0,0.0,True
NYC,10000,1,1.0,0.75,0.55,39118.315335500985,0.0,-39118.315335500985,0.0,0.0,True
NYC,10000,1,1.0,0.75,0.6,39118.315335500054,0.0,-39118.315335500054,0.0,0.0,True
NYC,10000,1,1.0,0.75,0.65,39118.315335500054,0.0,-39118.315335500054,0.0,0.0,True
NYC,10000,1,1.0,0.75,0.7,39118.315335499356,0.0,-39118.315335499356,0.0,0.0,True
NYC,10000,1,1.0,0.75,0.75,39118.31533550029,0.0,-39118.31533550029,0.0,0.0,True
NYC,10000,1,1.0,0.75,0.8,39118.315335500054,0.0,-39118.315335500054,0.0,0.0,True
NYC,10000,1,1.0,0.75,0.85,39118.315335500054,0.0,-39118.315335500054,0.0,0.0,True
NYC,10000,1,1.0,0.75,0.9,39118.315335500054,0.0,-39118.315335500054,0.0,0.0,True
NYC,10000,1,1.0,0.9,0.05,39118.31533549726,0.0,-39118.31533549726,0.0,0.0,True
NYC,10000,1,1.0,0.9,0.1,39118.31533549726,0.0,-39118.31533549726,0.0,0.0,True
NYC,10000,1,1.0,0.9,0.15,39118.31533549912,0.0,-39118.31533549912,0.0,0.0,True
NYC,10000,1,1.0,0.9,0.2,39118.31533549912,0.0,-39118.31533549912,0.0,0.0,True
NYC,10000,1,1.0,0.9,0.25,39118.31533549912,0.0,-39118.31533549912,0.0,0.0,True
NYC,10000,1,1.0,0.9,0.3,39118.31533549912,0.0,-39118.31533549912,0.0,0.0,True
NYC,10000,1,1.0,0.9,0.35,39118.31533549959,0.0,-39118.31533549959,0.0,0.0,True
NYC,10000,1,1.0,0.9,0.4,39137.27117899959,18.955843499999958,-39118.31533549959,19.0,0.044156500000040975,True
NYC,10000,1,1.0,0.9,0.45,39351.99495750006,233.67962199999988,-39118.315335500054,272.0,38.32037800000012,True
NYC,10000,1,1.0,0.9,0.5,40358.11946150006,1239.8041259999998,-39118.315335500054,1505.6,265.7958740000002,True
NYC,10000,1,1.0,0.9,0.55,42842.97012327376,3724.65478777277,-39118.315335500985,4818.181818181877,1093.527030409107,True
NYC,10000,1,1.0,0.9,0.6,46880.512383500056,7762.197047999999,-39118.315335500054,10818.0,3055.802952000001,True
NYC,10000,1,1.0,0.9,0.65,51935.60226169233,12817.286926192279,-39118.315335500054,19188.153846153793,6370.866919961515,True
NYC,10000,1,1.0,0.9,0.7,57022.392740713614,17904.07740521426,-39118.315335499356,28980.57142857138,11076.49402335712,True
NYC,10000,1,1.0,0.9,0.75,61607.35100050029,22489.035665,-39118.31533550029,39392.8,16903.764335000003,True
NYC,10000,1,1.0,0.9,0.8,65292.000456500056,26173.685121,-39118.315335500054,49618.75,23445.064879,True
NYC,10000,1,1.0,0.9,0.85,68239.57251800006,29121.257182499998,-39118.315335500054,59434.0,30312.742817500002,True
NYC,10000,1,1.0,0.9,0.9,70580.06561600005,31461.750280499997,-39118.315335500054,68666.0,37204.2497195,True
MIA,10000,r*,0.2,0.6,0.05,9758.276977684349,0.0,-9758.276977684349,0.0,0.0,True
MIA,10000,r*,0.2,0.6,0.1,9758.276977686211,0.0,-9758.276977686211,0.0,0.0,True
MIA,10000,r*,0.2,0.6,0.15,9758.276977686211,0.0,-9758.276977686211,0.0,0.0,True
MIA,10000,r*,0.2,0.6,0.2,9758.276977687143,0.0,-9758.276977687143,0.0,0.0,True
MIA,10000,r*,0.2,0.6,0.25,9758.276977687143,0.0,-9758.276977687143,0.0,0.0,True
MIA,10000,r*,0.2,0.6,0.3,9758.276977687143,0.0,-9758.276977687143,0.0,0.0,True
MIA,10000,r*,0.2,0.6,0.35,9758.276977686677,0.0,-9758.276977686677,0.0,0.0,True
MIA,10000,r*,0.2,0.6,0.4,9758.276977687143,0.0,-9758.276977687143,0.0,0.0,True
MIA,10000,r*,0.2,0.6,0.45,9758.276977687608,0.0,-9758.276977687608,0.0,0.0,True
MIA,10000,r*,0.2,0.6,0.5,9758.276977687608,0.0,-9758.276977687608,0.0,0.0,True
MIA,10000,r*,0.2,0.6,0.55,9758.276977688074,0.0,-9758.276977688074,0.0,0.0,True
MIA,10000,r*,0.2,0.6,0.6,9758.276977687608,0.0,-9758.276977687608,0.0,0.0,True
MIA,10000,r*,0.2,0.6,0.65,9758.276977687608,0.0,-9758.276977687608,0.0,0.0,True
MIA,10000,r*,0.2,0.6,0.7,9758.27697768691,0.0,-9758.27697768691,0.0,0.0,True
MIA,10000,r*,0.2,0.6,0.75,9758.276977687376,0.0,-9758.276977687376,0.0,0.0,True
MIA,10000,r*,0.2,0.6,0.8,9758.276977687376,0.0,-9758.276977687376,0.0,0.0,True
MIA,10000,r*,0.2,0.6,0.85,9758.276977687608,0.0,-9758.276977687608,0.0,0.0,True
MIA,10000,r*,0.2,0.6,0.9,9758.276977687608,0.0,-9758.276977687608,0.0,0.0,True
MIA,10000,r*,0.2,0.75,0.05,9758.276977684349,0.0,-9758.276977684349,0.0,0.0,True
MIA,10000,r*,0.2,0.75,0.1,9758.276977686211,0.0,-9758.276977686211,0.0,0.0,True
MIA,10000,r*,0.2,0.75,0.15,9758.276977686211,0.0,-9758.276977686211,0.0,0.0,True
MIA,10000,r*,0.2,0.75,0.2,9758.276977687143,0.0,-9758.276977687143,0.0,0.0,True
MIA,10000,r*,0.2,0.75,0.25,9758.276977687143,0.0,-9758.276977687143,0.0,0.0,True
MIA,10000,r*,0.2,0.75,0.3,9758.276977687143,0.0,-9758.276977687143,0.0,0.0,True
MIA,10000,r*,0.2,0.75,0.35,9758.276977686677,0.0,-9758.276977686677,0.0,0.0,True
MIA,10000,r*,0.2,0.75,0.4,9758.276977687143,0.0,-9758.276977687143,0.0,0.0,True
MIA,10000,r*,0.2,0.75,0.45,9758.276977687608,0.0,-9758.276977687608,0.0,0.0,True
MIA,10000,r*,0.2,0.75,0.5,9758.276977687608,0.0,-9758.276977687608,0.0,0.0,True
MIA,10000,r*,0.2,0.75,0.55,9758.276977688074,0.0,-9758.276977688074,0.0,0.0,True
MIA,10000,r*,0.2,0.75,0.6,9758.276977687608,0.0,-9758.276977687608,0.0,0.0,True
MIA,10000,r*,0.2,0.75,0.65,9758.276977687608,0.0,-9758.276977687608,0.0,0.0,True
MIA,10000,r*,0.2,0.75,0.7,9758.27697768691,0.0,-9758.27697768691,0.0,0.0,True
MIA,10000,r*,0.2,0.75,0.75,9758.276977687376,0.0,-9758.276977687376,0.0,0.0,True
MIA,10000,r*,0.2,0.75,0.8,9758.276977687376,0.0,-9758.276977687376,0.0,0.0,True
MIA,10000,r*,0.2,0.75,0.85,9758.276977687608,0.0,-9758.276977687608,0.0,0.0,True
MIA,10000,r*,0.2,0.75,0.9,9758.276977687608,0.0,-9758.276977687608,0.0,0.0,True
MIA,10000,r*,0.2,0.9,0.05,9758.276977684349,0.0,-9758.276977684349,0.0,0.0,True
MIA,10000,r*,0.2,0.9,0.1,9758.276977686211,0.0,-9758.276977686211,0.0,0.0,True
MIA,10000,r*,0.2,0.9,0.15,9758.276977686211,0.0,-9758.276977686211,0.0,0.0,True
MIA,10000,r*,0.2,0.9,0.2,9758.276977687143,0.0,-9758.276977687143,0.0,0.0,True
MIA,10000,r*,0.2,0.9,0.25,9758.276977687143,0.0,-9758.276977687143,0.0,0.0,True
MIA,10000,r*,0.2,0.9,0.3,9758.276977687143,0.0,-9758.276977687143,0.0,0.0,True
MIA,10000,r*,0.2,0.9,0.35,9758.276977686677,0.0,-9758.276977686677,0.0,0.0,True
MIA,10000,r*,0.2,0.9,0.4,9758.276977687143,0.0,-9758.276977687143,0.0,0.0,True
MIA,10000,r*,0.2,0.9,0.45,9758.276977687608,0.0,-9758.276977687608,0.0,0.0,True
MIA,10000,r*,0.2,0.9,0.5,9758.276977687608,0.0,-9758.276977687608,0.0,0.0,True
MIA,10000,r*,0.2,0.9,0.55,9758.713341324437,0.4363636363637075,-9758.276977688074,2.1818181818185374,0.0,True
MIA,10000,r*,0.2,0.9,0.6,9774.408310731358,16.131333043750004,-9758.276977687608,84.0,3.343334781249985,True
MIA,10000,r*,0.2,0.9,0.65,9850.328240892415,92.0512632048069,-9758.276977687608,547.3846153846101,87.12829936057562,True
MIA,10000,r*,0.2,0.9,0.7,10038.900469636908,280.62349194999854,-9758.27697768691,1971.7142857142746,568.596825964282,True
MIA,10000,r*,0.2,0.9,0.75,10338.643760999876,580.3667833125,-9758.276977687376,4913.6,2011.7660834375001,True
MIA,10000,r*,0.2,0.9,0.8,10637.587167156125,879.3101894687497,-9758.276977687376,9148.5,4751.949052656251,True
MIA,10000,r*,0.2,0.9,0.85,10927.881429325109,1169.6044516374998,-9758.276977687608,14710.0,8861.977741812501,True
MIA,10000,r*,0.2,0.9,0.9,11187.530838750108,1429.2538610624997,-9758.276977687608,21170.0,14023.730694687501,True
MIA,10000,r*,0.5,0.6,0.05,9758.276977684349,0.0,-9758.276977684349,0.0,0.0,True
MIA,10000,r*,0.5,0.6,0.1,9758.276977686211,0.0,-9758.276977686211,0.0,0.0,True
MIA,10000,r*,0.5,0.6,0.15,9758.276977686211,0.0,-9758.276977686211,0.0,0.0,True
MIA,10000,r*,0.5,0.6,0.2,9758.276977687143,0.0,-9758.276977687143,0.0,0.0,True
MIA,10000,r*,0.5,0.6,0.25,9758.276977687143,0.0,-9758.276977687143,0.0,0.0,True
MIA,10000,r*,0.5,0.6,0.3,9758.276977687143,0.0,-9758.276977687143,0.0,0.0,True
MIA,10000,r*,0.5,0.6,0.35,9758.276977686677,0.0,-9758.276977686677,0.0,0.0,True
MIA,10000,r*,0.5,0.6,0.4,9758.276977687143,0.0,-9758.276977687143,0.0,0.0,True
MIA,10000,r*,0.5,0.6,0.45,9758.276977687608,0.0,-9758.276977687608,0.0,0.0,True
MIA,10000,r*,0.5,0.6,0.5,9758.276977687608,0.0,-9758.276977687608,0.0,0.0,True
MIA,10000,r*,0.5,0.6,0.55,9758.276977688074,0.0,-9758.276977688074,0.0,0.0,True
MIA,10000,r*,0.5,0.6,0.6,9758.276977687608,0.0,-9758.276977687608,0.0,0.0,True
MIA,10000,r*,0.5,0.6,0.65,9758.276977687608,0.0,-9758.276977687608,0.0,0.0,True
MIA,10000,r*,0.5,0.6,0.7,9758.27697768691,0.0,-9758.27697768691,0.0,0.0,True
MIA,10000,r*,0.5,0.6,0.75,9758.276977687376,0.0,-9758.276977687376,0.0,0.0,True
MIA,10000,r*,0.5,0.6,0.8,9758.276977687376,0.0,-9758.276977687376,0.0,0.0,True
MIA,10000,r*,0.5,0.6,0.85,9758.276977687608,0.0,-9758.276977687608,0.0,0.0,True
MIA,10000,r*,0.5,0.6,0.9,9758.276977687608,0.0,-9758.276977687608,0.0,0.0,True
MIA,10000,r*,0.5,0.75,0.05,9758.276977684349,0.0,-9758.276977684349,0.0,0.0,True
MIA,10000,r*,0.5,0.75,0.1,9758.276977686211,0.0,-9758.276977686211,0.0,0.0,True
MIA,10000,r*,0.5,0.75,0.15,9758.276977686211,0.0,-9758.276977686211,0.0,0.0,True
MIA,10000,r*,0.5,0.75,0.2,9758.276977687143,0.0,-9758.276977687143,0.0,0.0,True
MIA,10000,r*,0.5,0.75,0.25,9758.276977687143,0.0,-9758.276977687143,0.0,0.0,True
MIA,10000,r*,0.5,0.75,0.3,9758.276977687143,0.0,-9758.276977687143,0.0,0.0,True
MIA,10000,r*,0.5,0.75,0.35,9758.276977686677,0.0,-9758.276977686677,0.0,0.0,True
MIA,10000,r*,0.5,0.75,0.4,9758.276977687143,0.0,-9758.276977687143,0.0,0.0,True
MIA,10000,r*,0.5,0.75,0.45,9758.276977687608,0.0,-9758.276977687608,0.0,0.0,True
MIA,10000,r*,0.5,0.75,0.5,9758.276977687608,0.0,-9758.276977687608,0.0,0.0,True
MIA,10000,r*,0.5,0.75,0.55,9758.276977688074,0.0,-9758.276977688074,0.0,0.0,True
MIA,10000,r*,0.5,0.75,0.6,9758.276977687608,0.0,-9758.276977687608,0.0,0.0,True
MIA,10000,r*,0.5,0.75,0.65,9758.276977687608,0.0,-9758.276977687608,0.0,0.0,True
MIA,10000,r*,0.5,0.75,0.7,9758.27697768691,0.0,-9758.27697768691,0.0,0.0,True
MIA,10000,r*,0.5,0.75,0.75,9758.276977687376,0.0,-9758.276977687376,0.0,0.0,True
MIA,10000,r*,0.5,0.75,0.8,9758.276977687376,0.0,-9758.276977687376,0.0,0.0,True
MIA,10000,r*,0.5,0.75,0.85,9758.276977687608,0.0,-9758.276977687608,0.0,0.0,True
MIA,10000,r*,0.5,0.75,0.9,9758.276977687608,0.0,-9758.276977687608,0.0,0.0,True
MIA,10000,r*,0.5,0.9,0.05,9758.276977684349,0.0,-9758.276977684349,0.0,0.0,True
MIA,10000,r*,0.5,0.9,0.1,9758.276977686211,0.0,-9758.276977686211,0.0,0.0,True
MIA,10000,r*,0.5,0.9,0.15,9758.276977686211,0.0,-9758.276977686211,0.0,0.0,True
MIA,10000,r*,0.5,0.9,0.2,9758.276977687143,0.0,-9758.276977687143,0.0,0.0,True
MIA,10000,r*,0.5,0.9,0.25,9758.276977687143,0.0,-9758.276977687143,0.0,0.0,True
MIA,10000,r*,0.5,0.9,0.3,9758.276977687143,0.0,-9758.276977687143,0.0,0.0,True
MIA,10000,r*,0.5,0.9,0.35,9758.276977686677,0.0,-9758.276977686677,0.0,0.0,True
MIA,10000,r*,0.5,0.9,0.4,9758.276977687143,0.0,-9758.276977687143,0.0,0.0,True
MIA,10000,r*,0.5,0.9,0.45,9758.276977687608,0.0,-9758.276977687608,0.0,0.0,True
MIA,10000,r*,0.5,0.9,0.5,9758.276977687608,0.0,-9758.276977687608,0.0,0.0,True
MIA,10000,r*,0.5,0.9,0.55,9759.367886778984,1.0909090909092687,-9758.276977688074,2.1818181818185374,0.0,True
MIA,10000,r*,0.5,0.9,0.6,9798.605310296984,40.32833260937501,-9758.276977687608,84.0,3.343334781249985,True
MIA,10000,r*,0.5,0.9,0.65,9988.405135699626,230.12815801201725,-9758.276977687608,547.3846153846101,87.12829936057562,True
MIA,10000,r*,0.5,0.9,0.7,10459.835707561906,701.5587298749963,-9758.27697768691,1971.7142857142746,568.596825964282,True
MIA,10000,r*,0.5,0.9,0.75,11209.193935968626,1450.9169582812501,-9758.276977687376,4913.6,2011.7660834375001,True
MIA,10000,r*,0.5,0.9,0.8,11956.55245135925,2198.2754736718744,-9758.276977687376,9148.5,4751.949052656251,True
MIA,10000,r*,0.5,0.9,0.85,12682.288106781358,2924.0111290937493,-9758.276977687608,14710.0,8861.977741812501,True
MIA,10000,r*,0.5,0.9,0.9,13331.411630343857,3573.1346526562493,-9758.276977687608,21170.0,14023.730694687501,True
MIA,10000,r*,1.0,0.6,0.05,9758.276977684349,0.0,-9758.276977684349,0.0,0.0,True
MIA,10000,r*,1.0,0.6,0.1,9758.276977686211,0.0,-9758.276977686211,0.0,0.0,True
MIA,10000,r*,1.0,0.6,0.15,9758.276977686211,0.0,-9758.276977686211,0.0,0.0,True
MIA,10000,r*,1.0,0.6,0.2,9758.276977687143,0.0,-9758.276977687143,0.0,0.0,True
MIA,10000,r*,1.0,0.6,0.25,9758.276977687143,0.0,-9758.276977687143,0.0,0.0,True
MIA,10000,r*,1.0,0.6,0.3,9758.276977687143,0.0,-9758.276977687143,0.0,0.0,True
MIA,10000,r*,1.0,0.6,0.35,9758.276977686677,0.0,-9758.276977686677,0.0,0.0,True
MIA,10000,r*,1.0,0.6,0.4,9758.276977687143,0.0,-9758.276977687143,0.0,0.0,True
MIA,10000,r*,1.0,0.6,0.45,9758.276977687608,0.0,-9758.276977687608,0.0,0.0,True
MIA,10000,r*,1.0,0.6,0.5,9758.276977687608,0.0,-9758.276977687608,0.0,0.0,True
MIA,10000,r*,1.0,0.6,0.55,9758.276977688074,0.0,-9758.276977688074,0.0,0.0,True
MIA,10000,r*,1.0,0.6,0.6,9758.276977687608,0.0,-9758.276977687608,0.0,0.0,True
MIA,10000,r*,1.0,0.6,0.65,9758.276977687608,0.0,-9758.276977687608,0.0,0.0,True
MIA,10000,r*,1.0,0.6,0.7,9758.27697768691,0.0,-9758.27697768691,0.0,0.0,True
MIA,10000,r*,1.0,0.6,0.75,9758.276977687376,0.0,-9758.276977687376,0.0,0.0,True
MIA,10000,r*,1.0,0.6,0.8,9758.276977687376,0.0,-9758.276977687376,0.0,0.0,True
MIA,10000,r*,1.0,0.6,0.85,9758.276977687608,0.0,-9758.276977687608,0.0,0.0,True
MIA,10000,r*,1.0,0.6,0.9,9758.276977687608,0.0,-9758.276977687608,0.0,0.0,True
MIA,10000,r*,1.0,0.75,0.05,9758.276977684349,0.0,-9758.276977684349,0.0,0.0,True
MIA,10000,r*,1.0,0.75,0.1,9758.276977686211,0.0,-9758.276977686211,0.0,0.0,True
MIA,10000,r*,1.0,0.75,0.15,9758.276977686211,0.0,-9758.276977686211,0.0,0.0,True
MIA,10000,r*,1.0,0.75,0.2,9758.276977687143,0.0,-9758.276977687143,0.0,0.0,True
MIA,10000,r*,1.0,0.75,0.25,9758.276977687143,0.0,-9758.276977687143,0.0,0.0,True
MIA,10000,r*,1.0,0.75,0.3,9758.276977687143,0.0,-9758.276977687143,0.0,0.0,True
MIA,10000,r*,1.0,0.75,0.35,9758.276977686677,0.0,-9758.276977686677,0.0,0.0,True
MIA,10000,r*,1.0,0.75,0.4,9758.276977687143,0.0,-9758.276977687143,0.0,0.0,True
MIA,10000,r*,1.0,0.75,0.45,9758.276977687608,0.0,-9758.276977687608,0.0,0.0,True
MIA,10000,r*,1.0,0.75,0.5,9758.276977687608,0.0,-9758.276977687608,0.0,0.0,True
MIA,10000,r*,1.0,0.75,0.55,9758.276977688074,0.0,-9758.276977688074,0.0,0.0,True
MIA,10000,r*,1.0,0.75,0.6,9758.276977687608,0.0,-9758.276977687608,0.0,0.0,True
MIA,10000,r*,1.0,0.75,0.65,9758.276977687608,0.0,-9758.276977687608,0.0,0.0,True
MIA,10000,r*,1.0,0.75,0.7,9758.27697768691,0.0,-9758.27697768691,0.0,0.0,True
MIA,10000,r*,1.0,0.75,0.75,9758.276977687376,0.0,-9758.276977687376,0.0,0.0,True
MIA,10000,r*,1.0,0.75,0.8,9758.276977687376,0.0,-9758.276977687376,0.0,0.0,True
MIA,10000,r*,1.0,0.75,0.85,9758.276977687608,0.0,-9758.276977687608,0.0,0.0,True
MIA,10000,r*,1.0,0.75,0.9,9758.276977687608,0.0,-9758.276977687608,0.0,0.0,True
MIA,10000,r*,1.0,0.9,0.05,9758.276977684349,0.0,-9758.276977684349,0.0,0.0,True
MIA,10000,r*,1.0,0.9,0.1,9758.276977686211,0.0,-9758.276977686211,0.0,0.0,True
MIA,10000,r*,1.0,0.9,0.15,9758.276977686211,0.0,-9758.276977686211,0.0,0.0,True
MIA,10000,r*,1.0,0.9,0.2,9758.276977687143,0.0,-9758.276977687143,0.0,0.0,True
MIA,10000,r*,1.0,0.9,0.25,9758.276977687143,0.0,-9758.276977687143,0.0,0.0,True
MIA,10000,r*,1.0,0.9,0.3,9758.276977687143,0.0,-9758.276977687143,0.0,0.0,True
MIA,10000,r*,1.0,0.9,0.35,9758.276977686677,0.0,-9758.276977686677,0.0,0.0,True
MIA,10000,r*,1.0,0.9,0.4,9758.276977687143,0.0,-9758.276977687143,0.0,0.0,True
MIA,10000,r*,1.0,0.9,0.45,9758.276977687608,0.0,-9758.276977687608,0.0,0.0,True
MIA,10000,r*,1.0,0.9,0.5,9758.276977687608,0.0,-9758.276977687608,0.0,0.0,True
MIA,10000,r*,1.0,0.9,0.55,9760.458795869892,2.1818181818185374,-9758.276977688074,2.1818181818185374,0.0,True
MIA,10000,r*,1.0,0.9,0.6,9838.933642906359,80.65666521875002,-9758.276977687608,84.0,3.343334781249985,True
MIA,10000,r*,1.0,0.9,0.65,10218.533293711644,460.2563160240345,-9758.276977687608,547.3846153846101,87.12829936057562,True
MIA,10000,r*,1.0,0.9,0.7,11161.394437436902,1403.1174597499926,-9758.27697768691,1971.7142857142746,568.596825964282,True
MIA,10000,r*,1.0,0.9,0.75,12660.110894249876,2901.8339165625002,-9758.276977687376,4913.6,2011.7660834375001,True
MIA,10000,r*,1.0,0.9,0.8,14154.827925031124,4396.550947343749,-9758.276977687376,9148.5,4751.949052656251,True
MIA,10000,r*,1.0,0.9,0.85,15606.299235875107,5848.022258187499,-9758.276977687608,14710.0,8861.977741812501,True
MIA,10000,r*,1.0,0.9,0.9,16904.546283000105,7146.269305312499,-9758.276977687608,21170.0,14023.730694687501,True
MIA,10000,1,0.2,0.6,0.05,52044.143881004304,0.0,-52044.143881004304,0.0,0.0,True
MIA,10000,1,0.2,0.6,0.1,52044.14388100058,0.0,-52044.14388100058,0.0,0.0,True
MIA,10000,1,0.2,0.6,0.15,52044.14388100058,0.0,-52044.14388100058,0.0,0.0,True
MIA,10000,1,0.2,0.6,0.2,52044.14388099965,0.0,-52044.14388099965,0.0,0.0,True
MIA,10000,1,0.2,0.6,0.25,52044.14388099965,0.0,-52044.14388099965,0.0,0.0,True
MIA,10000,1,0.2,0.6,0.3,52044.14388099965,0.0,-52044.14388099965,0.0,0.0,True
MIA,10000,1,0.2,0.6,0.35,52044.14388099918,0.0,-52044.14388099918,0.0,0.0,True
MIA,10000,1,0.2,0.6,0.4,52044.14388099965,0.0,-52044.14388099965,0.0,0.0,True
MIA,10000,1,0.2,0.6,0.45,52044.14388099965,0.0,-52044.14388099965,0.0,0.0,True
MIA,10000,1,0.2,0.6,0.5,52044.14388099965,0.0,-52044.14388099965,0.0,0.0,True
MIA,10000,1,0.2,0.6,0.55,52044.14388100011,0.0,-52044.14388100011,0.0,0.0,True
MIA,10000,1,0.2,0.6,0.6,52044.14388100011,0.0,-52044.14388100011,0.0,0.0,True
MIA,10000,1,0.2,0.6,0.65,52044.14388099965,0.0,-52044.14388099965,0.0,0.0,True
MIA,10000,1,0.2,0.6,0.7,52044.14388099965,0.0,-52044.14388099965,0.0,0.0,True
MIA,10000,1,0.2,0.6,0.75,52044.14388099965,0.0,-52044.14388099965,0.0,0.0,True
MIA,10000,1,0.2,0.6,0.8,52044.14388100011,0.0,-52044.14388100011,0.0,0.0,True
MIA,10000,1,0.2,0.6,0.85,52044.14388099988,0.0,-52044.14388099988,0.0,0.0,True
MIA,10000,1,0.2,0.6,0.9,52044.14388099988,0.0,-52044.14388099988,0.0,0.0,True
MIA,10000,1,0.2,0.75,0.05,52044.143881004304,0.0,-52044.143881004304,0.0,0.0,True
MIA,10000,1,0.2,0.75,0.1,52044.14388100058,0.0,-52044.14388100058,0.0,0.0,True
MIA,10000,1,0.2,0.75,0.15,52044.14388100058,0.0,-52044.14388100058,0.0,0.0,True
MIA,10000,1,0.2,0.75,0.2,52044.14388099965,0.0,-52044.14388099965,0.0,0.0,True
MIA,10000,1,0.2,0.75,0.25,52044.14388099965,0.0,-52044.14388099965,0.0,0.0,True
MIA,10000,1,0.2,0.75,0.3,52044.14388099965,0.0,-52044.14388099965,0.0,0.0,True
MIA,10000,1,0.2,0.75,0.35,52044.14388099918,0.0,-52044.14388099918,0.0,0.0,True
MIA,10000,1,0.2,0.75,0.4,52044.14388099965,0.0,-52044.14388099965,0.0,0.0,True
MIA,10000,1,0.2,0.75,0.45,52044.14388099965,0.0,-52044.14388099965,0.0,0.0,True
MIA,10000,1,0.2,0.75,0.5,52044.14388099965,0.0,-52044.14388099965,0.0,0.0,True
MIA,10000,1,0.2,0.75,0.55,52044.14388100011,0.0,-52044.14388100011,0.0,0.0,True
MIA,10000,1,0.2,0.75,0.6,52044.14388100011,0.0,-52044.14388100011,0.0,0.0,True
MIA,10000,1,0.2,0.75,0.65,52044.14388099965,0.0,-52044.14388099965,0.0,0.0,True
MIA,10000,1,0.2,0.75,0.7,52044.14388099965,0.0,-52044.14388099965,0.0,0.0,True
MIA,10000,1,0.2,0.75,0.75,52044.14388099965,0.0,-52044.14388099965,0.0,0.0,True
MIA,10000,1,0.2,0.75,0.8,52044.14388100011,0.0,-52044.14388100011,0.0,0.0,True
MIA,10000,1,0.2,0.75,0.85,52044.14388099988,0.0,-52044.14388099988,0.0,0.0,True
MIA,10000,1,0.2,0.75,0.9,52044.14388099988,0.0,-52044.14388099988,0.0,0.0,True
MIA,10000,1,0.2,0.9,0.05,52044.143881004304,0.0,-52044.143881004304,0.0,0.0,True
MIA,10000,1,0.2,0.9,0.1,52044.14388100058,0.0,-52044.14388100058,0.0,0.0,True
MIA,10000,1,0.2,0.9,0.15,52044.14388100058,0.0,-52044.14388100058,0.0,0.0,True
MIA,10000,1,0.2,0.9,0.2,52044.14388099965,0.0,-52044.14388099965,0.0,0.0,True
MIA,10000,1,0.2,0.9,0.25,52044.14388099965,0.0,-52044.14388099965,0.0,0.0,True
MIA,10000,1,0.2,0.9,0.3,52044.14388099965,0.0,-52044.14388099965,0.0,0.0,True
MIA,10000,1,0.2,0.9,0.35,52044.14388099918,0.0,-52044.14388099918,0.0,0.0,True
MIA,10000,1,0.2,0.9,0.4,52044.14388099965,0.0,-52044.14388099965,0.0,0.0,True
MIA,10000,1,0.2,0.9,0.45,52044.14388099965,0.0,-52044.14388099965,0.0,0.0,True
MIA,10000,1,0.2,0.9,0.5,52044.14388099965,0.0,-52044.14388099965,0.0,0.0,True
MIA,10000,1,0.2,0.9,0.55,52043.95508761829,-0.18879338181814181,-52044.14388100011,2.1818181818185374,3.1257850909092464,True
MIA,10000,1,0.2,0.9,0.6,52054.55662460011,10.412743600000013,-52044.14388100011,84.0,31.936281999999938,True
MIA,10000,1,0.2,0.9,0.65,52126.81088183042,82.66700083076834,-52044.14388099965,547.3846153846101,134.04961123076845,True
MIA,10000,1,0.2,0.9,0.7,52355.51544835679,311.3715673571409,-52044.14388099965,1971.7142857142746,414.8564489285702,True
MIA,10000,1,0.2,0.9,0.75,52837.99791579965,793.8540347999999,-52044.14388099965,4913.6,944.3298260000009,True
MIA,10000,1,0.2,0.9,0.8,53508.81499410011,1464.6711130999997,-52044.14388100011,9148.5,1825.1444345000014,True
MIA,10000,1,0.2,0.9,0.85,54371.45552849988,2327.3116474999997,-52044.14388099988,14710.0,3073.441762500002,True
MIA,10000,1,0.2,0.9,0.9,55338.77696039988,3294.6330793999996,-52044.14388099988,21170.0,4696.834603000003,True
MIA,10000,1,0.5,0.6,0.05,52044.143881004304,0.0,-52044.143881004304,0.0,0.0,True
MIA,10000,1,0.5,0.6,0.1,52044.14388100058,0.0,-52044.14388100058,0.0,0.0,True
MIA,10000,1,0.5,0.6,0.15,52044.14388100058,0.0,-52044.14388100058,0.0,0.0,True
MIA,10000,1,0.5,0.6,0.2,52044.14388099965,0.0,-52044.14388099965,0.0,0.0,True
MIA,10000,1,0.5,0.6,0.25,52044.14388099965,0.0,-52044.14388099965,0.0,0.0,True
MIA,10000,1,0.5,0.6,0.3,52044.14388099965,0.0,-52044.14388099965,0.0,0.0,True
MIA,10000,1,0.5,0.6,0.35,52044.14388099918,0.0,-52044.14388099918,0.0,0.0,True
MIA,10000,1,0.5,0.6,0.4,52044.14388099965,0.0,-52044.14388099965,0.0,0.0,True
MIA,10000,1,0.5,0.6,0.45,52044.14388099965,0.0,-52044.14388099965,0.0,0.0,True
MIA,10000,1,0.5,0.6,0.5,52044.14388099965,0.0,-52044.14388099965,0.0,0.0,True
MIA,10000,1,0.5,0.6,0.55,52044.14388100011,0.0,-52044.14388100011,0.0,0.0,True
MIA,10000,1,0.5,0.6,0.6,52044.14388100011,0.0,-52044.14388100011,0.0,0.0,True
MIA,10000,1,0.5,0.6,0.65,52044.14388099965,0.0,-52044.14388099965,0.0,0.0,True
MIA,10000,1,0.5,0.6,0.7,52044.14388099965,0.0,-52044.14388099965,0.0,0.0,True
MIA,10000,1,0.5,0.6,0.75,52044.14388099965,0.0,-52044.14388099965,0.0,0.0,True
MIA,10000,1,0.5,0.6,0.8,52044.14388100011,0.0,-52044.14388100011,0.0,0.0,True
MIA,10000,1,0.5,0.6,0.85,52044.14388099988,0.0,-52044.14388099988,0.0,0.0,True
MIA,10000,1,0.5,0.6,0.9,52044.14388099988,0.0,-52044.14388099988,0.0,0.0,True
MIA,10000,1,0.5,0.75,0.05,52044.143881004304,0.0,-52044.143881004304,0.0,0.0,True
MIA,10000,1,0.5,0.75,0.1,52044.14388100058,0.0,-52044.14388100058,0.0,0.0,True
MIA,10000,1,0.5,0.75,0.15,52044.14388100058,0.0,-52044.14388100058,0.0,0.0,True
MIA,10000,1,0.5,0.75,0.2,52044.14388099965,0.0,-52044.14388099965,0.0,0.0,True
MIA,10000,1,0.5,0.75,0.25,52044.14388099965,0.0,-52044.14388099965,0.0,0.0,True
MIA,10000,1,0.5,0.75,0.3,52044.14388099965,0.0,-52044.14388099965,0.0,0.0,True
MIA,10000,1,0.5,0.75,0.35,52044.14388099918,0.0,-52044.14388099918,0.0,0.0,True
MIA,10000,1,0.5,0.75,0.4,52044.14388099965,0.0,-52044.14388099965,0.0,0.0,True
MIA,10000,1,0.5,0.75,0.45,52044.14388099965,0.0,-52044.14388099965,0.0,0.0,True
MIA,10000,1,0.5,0.75,0.5,52044.14388099965,0.0,-52044.14388099965,0.0,0.0,True
MIA,10000,1,0.5,0.75,0.55,52044.14388100011,0.0,-52044.14388100011,0.0,0.0,True
MIA,10000,1,0.5,0.75,0.6,52044.14388100011,0.0,-52044.14388100011,0.0,0.0,True
MIA,10000,1,0.5,0.75,0.65,52044.14388099965,0.0,-52044.14388099965,0.0,0.0,True
MIA,10000,1,0.5,0.75,0.7,52044.14388099965,0.0,-52044.14388099965,0.0,0.0,True
MIA,10000,1,0.5,0.75,0.75,52044.14388099965,0.0,-52044.14388099965,0.0,0.0,True
MIA,10000,1,0.5,0.75,0.8,52044.14388100011,0.0,-52044.14388100011,0.0,0.0,True
MIA,10000,1,0.5,0.75,0.85,52044.14388099988,0.0,-52044.14388099988,0.0,0.0,True
MIA,10000,1,0.5,0.75,0.9,52044.14388099988,0.0,-52044.14388099988,0.0,0.0,True
MIA,10000,1,0.5,0.9,0.05,52044.143881004304,0.0,-52044.143881004304,0.0,0.0,True
MIA,10000,1,0.5,0.9,0.1,52044.14388100058,0.0,-52044.14388100058,0.0,0.0,True
MIA,10000,1,0.5,0.9,0.15,52044.14388100058,0.0,-52044.14388100058,0.0,0.0,True
MIA,10000,1,0.5,0.9,0.2,52044.14388099965,0.0,-52044.14388099965,0.0,0.0,True
MIA,10000,1,0.5,0.9,0.25,52044.14388099965,0.0,-52044.14388099965,0.0,0.0,True
MIA,10000,1,0.5,0.9,0.3,52044.14388099965,0.0,-52044.14388099965,0.0,0.0,True
MIA,10000,1,0.5,0.9,0.35,52044.14388099918,0.0,-52044.14388099918,0.0,0.0,True
MIA,10000,1,0.5,0.9,0.4,52044.14388099965,0.0,-52044.14388099965,0.0,0.0,True
MIA,10000,1,0.5,0.9,0.45,52044.14388099965,0.0,-52044.14388099965,0.0,0.0,True
MIA,10000,1,0.5,0.9,0.5,52044.14388099965,0.0,-52044.14388099965,0.0,0.0,True
MIA,10000,1,0.5,0.9,0.55,52043.671897545566,-0.4719834545453545,-52044.14388100011,2.1818181818185374,3.1257850909092464,True
MIA,10000,1,0.5,0.9,0.6,52070.175740000115,26.031859000000033,-52044.14388100011,84.0,31.936281999999938,True
MIA,10000,1,0.5,0.9,0.65,52250.811383076565,206.66750207692084,-52044.14388099965,547.3846153846101,134.04961123076845,True
MIA,10000,1,0.5,0.9,0.7,52822.572799392496,778.4289183928522,-52044.14388099965,1971.7142857142746,414.8564489285702,True
MIA,10000,1,0.5,0.9,0.75,54028.77896799965,1984.6350869999997,-52044.14388099965,4913.6,944.3298260000009,True
MIA,10000,1,0.5,0.9,0.8,55705.82166375011,3661.677782749999,-52044.14388100011,9148.5,1825.1444345000014,True
MIA,10000,1,0.5,0.9,0.85,57862.42299974988,5818.279118749999,-52044.14388099988,14710.0,3073.441762500002,True
MIA,10000,1,0.5,0.9,0.9,60280.72657949988,8236.582698499999,-52044.14388099988,21170.0,4696.834603000003,True
MIA,10000,1,1.0,0.6,0.05,52044.143881004304,0.0,-52044.143881004304,0.0,0.0,True
MIA,10000,1,1.0,0.6,0.1,52044.14388100058,0.0,-52044.14388100058,0.0,0.0,True
MIA,10000,1,1.0,0.6,0.15,52044.14388100058,0.0,-52044.14388100058,0.0,0.0,True
MIA,10000,1,1.0,0.6,0.2,52044.14388099965,0.0,-52044.14388099965,0.0,0.0,True
MIA,10000,1,1.0,0.6,0.25,52044.14388099965,0.0,-52044.14388099965,0.0,0.0,True
MIA,10000,1,1.0,0.6,0.3,52044.14388099965,0.0,-52044.14388099965,0.0,0.0,True
MIA,10000,1,1.0,0.6,0.35,52044.14388099918,0.0,-52044.14388099918,0.0,0.0,True
MIA,10000,1,1.0,0.6,0.4,52044.14388099965,0.0,-52044.14388099965,0.0,0.0,True
MIA,10000,1,1.0,0.6,0.45,52044.14388099965,0.0,-52044.14388099965,0.0,0.0,True
MIA,10000,1,1.0,0.6,0.5,52044.14388099965,0.0,-52044.14388099965,0.0,0.0,True
MIA,10000,1,1.0,0.6,0.55,52044.14388100011,0.0,-52044.14388100011,0.0,0.0,True
MIA,10000,1,1.0,0.6,0.6,52044.14388100011,0.0,-52044.14388100011,0.0,0.0,True
MIA,10000,1,1.0,0.6,0.65,52044.14388099965,0.0,-52044.14388099965,0.0,0.0,True
MIA,10000,1,1.0,0.6,0.7,52044.14388099965,0.0,-52044.14388099965,0.0,0.0,True
MIA,10000,1,1.0,0.6,0.75,52044.14388099965,0.0,-52044.14388099965,0.0,0.0,True
MIA,10000,1,1.0,0.6,0.8,52044.14388100011,0.0,-52044.14388100011,0.0,0.0,True
MIA,10000,1,1.0,0.6,0.85,52044.14388099988,0.0,-52044.14388099988,0.0,0.0,True
MIA,10000,1,1.0,0.6,0.9,52044.14388099988,0.0,-52044.14388099988,0.0,0.0,True
MIA,10000,1,1.0,0.75,0.05,52044.143881004304,0.0,-52044.143881004304,0.0,0.0,True
MIA,10000,1,1.0,0.75,0.1,52044.14388100058,0.0,-52044.14388100058,0.0,0.0,True
MIA,10000,1,1.0,0.75,0.15,52044.14388100058,0.0,-52044.14388100058,0.0,0.0,True
MIA,10000,1,1.0,0.75,0.2,52044.14388099965,0.0,-52044.14388099965,0.0,0.0,True
MIA,10000,1,1.0,0.75,0.25,52044.14388099965,0.0,-52044.14388099965,0.0,0.0,True
MIA,10000,1,1.0,0.75,0.3,52044.14388099965,0.0,-52044.14388099965,0.0,0.0,True
MIA,10000,1,1.0,0.75,0.35,52044.14388099918,0.0,-52044.14388099918,0.0,0.0,True
MIA,10000,1,1.0,0.75,0.4,52044.14388099965,0.0,-52044.14388099965,0.0,0.0,True
MIA,10000,1,1.0,0.75,0.45,52044.14388099965,0.0,-52044.14388099965,0.0,0.0,True
MIA,10000,1,1.0,0.75,0.5,52044.14388099965,0.0,-52044.14388099965,0.0,0.0,True
MIA,10000,1,1.0,0.75,0.55,52044.14388100011,0.0,-52044.14388100011,0.0,0.0,True
MIA,10000,1,1.0,0.75,0.6,52044.14388100011,0.0,-52044.14388100011,0.0,0.0,True
MIA,10000,1,1.0,0.75,0.65,52044.14388099965,0.0,-52044.14388099965,0.0,0.0,True
MIA,10000,1,1.0,0.75,0.7,52044.14388099965,0.0,-52044.14388099965,0.0,0.0,True
MIA,10000,1,1.0,0.75,0.75,52044.14388099965,0.0,-52044.14388099965,0.0,0.0,True
MIA,10000,1,1.0,0.75,0.8,52044.14388100011,0.0,-52044.14388100011,0.0,0.0,True
MIA,10000,1,1.0,0.75,0.85,52044.14388099988,0.0,-52044.14388099988,0.0,0.0,True
MIA,10000,1,1.0,0.75,0.9,52044.14388099988,0.0,-52044.14388099988,0.0,0.0,True
MIA,10000,1,1.0,0.9,0.05,52044.143881004304,0.0,-52044.143881004304,0.0,0.0,True
MIA,10000,1,1.0,0.9,0.1,52044.14388100058,0.0,-52044.14388100058,0.0,0.0,True
MIA,10000,1,1.0,0.9,0.15,52044.14388100058,0.0,-52044.14388100058,0.0,0.0,True
MIA,10000,1,1.0,0.9,0.2,52044.14388099965,0.0,-52044.14388099965,0.0,0.0,True
MIA,10000,1,1.0,0.9,0.25,52044.14388099965,0.0,-52044.14388099965,0.0,0.0,True
MIA,10000,1,1.0,0.9,0.3,52044.14388099965,0.0,-52044.14388099965,0.0,0.0,True
MIA,10000,1,1.0,0.9,0.35,52044.14388099918,0.0,-52044.14388099918,0.0,0.0,True
MIA,10000,1,1.0,0.9,0.4,52044.14388099965,0.0,-52044.14388099965,0.0,0.0,True
MIA,10000,1,1.0,0.9,0.45,52044.14388099965,0.0,-52044.14388099965,0.0,0.0,True
MIA,10000,1,1.0,0.9,0.5,52044.14388099965,0.0,-52044.14388099965,0.0,0.0,True
MIA,10000,1,1.0,0.9,0.55,52043.19991409102,-0.943966909090709,-52044.14388100011,2.1818181818185374,3.1257850909092464,True
MIA,10000,1,1.0,0.9,0.6,52096.20759900011,52.063718000000065,-52044.14388100011,84.0,31.936281999999938,True
MIA,10000,1,1.0,0.9,0.65,52457.47888515349,413.3350041538417,-52044.14388099965,547.3846153846101,134.04961123076845,True
MIA,10000,1,1.0,0.9,0.7,53601.00171778535,1556.8578367857044,-52044.14388099965,1971.7142857142746,414.8564489285702,True
MIA,10000,1,1.0,0.9,0.75,56013.414054999645,3969.2701739999993,-52044.14388099965,4913.6,944.3298260000009,True
MIA,10000,1,1.0,0.9,0.8,59367.49944650011,7323.355565499998,-52044.14388100011,9148.5,1825.1444345000014,True
MIA,10000,1,1.0,0.9,0.85,63680.702118499874,11636.558237499998,-52044.14388099988,14710.0,3073.441762500002,True
MIA,10000,1,1.0,0.9,0.9,68517.30927799988,16473.165396999997,-52044.14388099988,21170.0,4696.834603000003,True
CHI,10000,r*,0.2,0.6,0.05,-59903.05644738674,0.0,59903.05644738674,0.0,0.0,False
CHI,10000,r*,0.2,0.6,0.1,-59903.05644738488,0.0,59903.05644738488,0.0,0.0,False
CHI,10000,r*,0.2,0.6,0.15,-59903.05644738488,0.0,59903.05644738488,0.0,0.0,False
CHI,10000,r*,0.2,0.6,0.2,-59903.05644738488,0.0,59903.05644738488,0.0,0.0,False
CHI,10000,r*,0.2,0.6,0.25,-59903.05644738488,0.0,59903.05644738488,0.0,0.0,False
CHI,10000,r*,0.2,0.6,0.3,-59903.05644738488,0.0,59903.05644738488,0.0,0.0,False
CHI,10000,r*,0.2,0.6,0.35,-59903.05644738441,0.0,59903.05644738441,0.0,0.0,False
CHI,10000,r*,0.2,0.6,0.4,-59903.05644738441,0.0,59903.05644738441,0.0,0.0,False
CHI,10000,r*,0.2,0.6,0.45,-59903.05644738441,0.0,59903.05644738441,0.0,0.0,False
CHI,10000,r*,0.2,0.6,0.5,-59903.05644738441,0.0,59903.05644738441,0.0,0.0,False
CHI,10000,r*,0.2,0.6,0.55,-59903.05644738441,0.0,59903.05644738441,0.0,0.0,False
CHI,10000,r*,0.2,0.6,0.6,-59903.05644738441,0.0,59903.05644738441,0.0,0.0,False
CHI,10000,r*,0.2,0.6,0.65,-59903.05644738441,0.0,59903.05644738441,0.0,0.0,False
CHI,10000,r*,0.2,0.6,0.7,-59903.056447384646,0.0,59903.056447384646,0.0,0.0,False
CHI,10000,r*,0.2,0.6,0.75,-59903.056447384646,0.0,59903.056447384646,0.0,0.0,False
CHI,10000,r*,0.2,0.6,0.8,-59903.056447384646,0.0,59903.056447384646,0.0,0.0,False
CHI,10000,r*,0.2,0.6,0.85,-59903.056447384646,0.0,59903.056447384646,0.0,0.0,False
CHI,10000,r*,0.2,0.6,0.9,-59903.056447384646,0.0,59903.056447384646,0.0,0.0,False
CHI,10000,r*,0.2,0.75,0.05,-59903.05644738674,0.0,59903.05644738674,0.0,0.0,False
CHI,10000,r*,0.2,0.75,0.1,-59903.05644738488,0.0,59903.05644738488,0.0,0.0,False
CHI,10000,r*,0.2,0.75,0.15,-59903.05644738488,0.0,59903.05644738488,0.0,0.0,False
CHI,10000,r*,0.2,0.75,0.2,-59903.05644738488,0.0,59903.05644738488,0.0,0.0,False
CHI,10000,r*,0.2,0.75,0.25,-59903.05644738488,0.0,59903.05644738488,0.0,0.0,False
CHI,10000,r*,0.2,0.75,0.3,-59903.05644738488,0.0,59903.05644738488,0.0,0.0,False
CHI,10000,r*,0.2,0.75,0.35,-59903.05644738441,0.0,59903.05644738441,0.0,0.0,False
CHI,10000,r*,0.2,0.75,0.4,-59903.05644738441,0.0,59903.05644738441,0.0,0.0,False
CHI,10000,r*,0.2,0.75,0.45,-59903.05644738441,0.0,59903.05644738441,0.0,0.0,False
CHI,10000,r*,0.2,0.75,0.5,-59903.05644738441,0.0,59903.05644738441,0.0,0.0,False
CHI,10000,r*,0.2,0.75,0.55,-59903.05644738441,0.0,59903.05644738441,0.0,0.0,False
CHI,10000,r*,0.2,0.75,0.6,-59903.05644738441,0.0,59903.05644738441,0.0,0.0,False
CHI,10000,r*,0.2,0.75,0.65,-59903.05644738441,0.0,59903.05644738441,0.0,0.0,False
CHI,10000,r*,0.2,0.75,0.7,-59903.056447384646,0.0,59903.056447384646,0.0,0.0,False
CHI,10000,r*,0.2,0.75,0.75,-59903.056447384646,0.0,59903.056447384646,0.0,0.0,False
CHI,10000,r*,0.2,0.75,0.8,-59903.056447384646,0.0,59903.056447384646,0.0,0.0,False
CHI,10000,r*,0.2,0.75,0.85,-59903.056447384646,0.0,59903.056447384646,0.0,0.0,False
CHI,10000,r*,0.2,0.75,0.9,-59903.056447384646,0.0,59903.056447384646,0.0,0.0,False
CHI,10000,r*,0.2,0.9,0.05,-59903.05644738674,0.0,59903.05644738674,0.0,0.0,False
CHI,10000,r*,0.2,0.9,0.1,-59903.05644738488,0.0,59903.05644738488,0.0,0.0,False
CHI,10000,r*,0.2,0.9,0.15,-59903.05644738488,0.0,59903.05644738488,0.0,0.0,False
CHI,10000,r*,0.2,0.9,0.2,-59903.05644738488,0.0,59903.05644738488,0.0,0.0,False
CHI,10000,r*,0.2,0.9,0.25,-59903.05644738488,0.0,59903.05644738488,0.0,0.0,False
CHI,10000,r*,0.2,0.9,0.3,-59903.05644738488,0.0,59903.05644738488,0.0,0.0,False
CHI,10000,r*,0.2,0.9,0.35,-59903.05644738441,0.0,59903.05644738441,0.0,0.0,False
CHI,10000,r*,0.2,0.9,0.4,-59903.05644738441,0.0,59903.05644738441,0.0,0.0,False
CHI,10000,r*,0.2,0.9,0.45,-59903.05644738441,0.0,59903.05644738441,0.0,0.0,False
CHI,10000,r*,0.2,0.9,0.5,-59906.04225446134,-2.985807076923065,59903.05644738441,0.0,14.929035384615325,False
CHI,10000,r*,0.2,0.9,0.55,-59926.85087655924,-23.79442917482568,59903.05644738441,0.3636363636364229,119.33578223776482,False
CHI,10000,r*,0.2,0.9,0.6,-60021.55483990749,-118.49839252307686,59903.05644738441,8.0,600.4919626153843,False
CHI,10000,r*,0.2,0.9,0.65,-60303.188126645946,-400.13167926153596,59903.05644738441,27.076923076922817,2027.7353193846025,False
CHI,10000,r*,0.2,0.9,0.7,-60819.05641571871,-915.9999683340632,59903.056447384646,98.85714285714226,4678.856984527458,False
CHI,10000,r*,0.2,0.9,0.75,-61591.69764809234,-1688.6412007076922,59903.056447384646,292.4,8735.60600353846,False
CHI,10000,r*,0.2,0.9,0.8,-62580.97731187695,-2677.920864492308,59903.056447384646,693.75,14083.354322461539,False
CHI,10000,r*,0.2,0.9,0.85,-63672.05883378464,-3769.0023863999995,59903.056447384646,1390.0,20235.011931999998,False
CHI,10000,r*,0.2,0.9,0.9,-64796.56268732311,-4893.5062399384615,59903.056447384646,2430.0,26897.53119969231,False
CHI,10000,r*,0.5,0.6,0.05,-59903.05644738674,0.0,59903.05644738674,0.0,0.0,False
CHI,10000,r*,0.5,0.6,0.1,-59903.05644738488,0.0,59903.05644738488,0.0,0.0,False
CHI,10000,r*,0.5,0.6,0.15,-59903.05644738488,0.0,59903.05644738488,0.0,0.0,False
CHI,10000,r*,0.5,0.6,0.2,-59903.05644738488,0.0,59903.05644738488,0.0,0.0,False
CHI,10000,r*,0.5,0.6,0.25,-59903.05644738488,0.0,59903.05644738488,0.0,0.0,False
CHI,10000,r*,0.5,0.6,0.3,-59903.05644738488,0.0,59903.05644738488,0.0,0.0,False
CHI,10000,r*,0.5,0.6,0.35,-59903.05644738441,0.0,59903.05644738441,0.0,0.0,False
CHI,10000,r*,0.5,0.6,0.4,-59903.05644738441,0.0,59903.05644738441,0.0,0.0,False
CHI,10000,r*,0.5,0.6,0.45,-59903.05644738441,0.0,59903.05644738441,0.0,0.0,False
CHI,10000,r*,0.5,0.6,0.5,-59903.05644738441,0.0,59903.05644738441,0.0,0.0,False
CHI,10000,r*,0.5,0.6,0.55,-59903.05644738441,0.0,59903.05644738441,0.0,0.0,False
CHI,10000,r*,0.5,0.6,0.6,-59903.05644738441,0.0,59903.05644738441,0.0,0.0,False
CHI,10000,r*,0.5,0.6,0.65,-59903.05644738441,0.0,59903.05644738441,0.0,0.0,False
CHI,10000,r*,0.5,0.6,0.7,-59903.056447384646,0.0,59903.056447384646,0.0,0.0,False
CHI,10000,r*,0.5,0.6,0.75,-59903.056447384646,0.0,59903.056447384646,0.0,0.0,False
CHI,10000,r*,0.5,0.6,0.8,-59903.056447384646,0.0,59903.056447384646,0.0,0.0,False
CHI,10000,r*,0.5,0.6,0.85,-59903.056447384646,0.0,59903.056447384646,0.0,0.0,False
CHI,10000,r*,0.5,0.6,0.9,-59903.056447384646,0.0,59903.056447384646,0.0,0.0,False
CHI,10000,r*,0.5,0.75,0.05,-59903.05644738674,0.0,59903.05644738674,0.0,0.0,False
CHI,10000,r*,0.5,0.75,0.1,-59903.05644738488,0.0,59903.05644738488,0.0,0.0,False
CHI,10000,r*,0.5,0.75,0.15,-59903.05644738488,0.0,59903.05644738488,0.0,0.0,False
CHI,10000,r*,0.5,0.75,0.2,-59903.05644738488,0.0,59903.05644738488,0.0,0.0,False
CHI,10000,r*,0.5,0.75,0.25,-59903.05644738488,0.0,59903.05644738488,0.0,0.0,False
CHI,10000,r*,0.5,0.75,0.3,-59903.05644738488,0.0,59903.05644738488,0.0,0.0,False
CHI,10000,r*,0.5,0.75,0.35,-59903.05644738441,0.0,59903.05644738441,0.0,0.0,False
CHI,10000,r*,0.5,0.75,0.4,-59903.05644738441,0.0,59903.05644738441,0.0,0.0,False
CHI,10000,r*,0.5,0.75,0.45,-59903.05644738441,0.0,59903.05644738441,0.0,0.0,False
CHI,10000,r*,0.5,0.75,0.5,-59903.05644738441,0.0,59903.05644738441,0.0,0.0,False
CHI,10000,r*,0.5,0.75,0.55,-59903.05644738441,0.0,59903.05644738441,0.0,0.0,False
CHI,10000,r*,0.5,0.75,0.6,-59903.05644738441,0.0,59903.05644738441,0.0,0.0,False
CHI,10000,r*,0.5,0.75,0.65,-59903.05644738441,0.0,59903.05644738441,0.0,0.0,False
CHI,10000,r*,0.5,0.75,0.7,-59903.056447384646,0.0,59903.056447384646,0.0,0.0,False
CHI,10000,r*,0.5,0.75,0.75,-59903.056447384646,0.0,59903.056447384646,0.0,0.0,False
CHI,10000,r*,0.5,0.75,0.8,-59903.056447384646,0.0,59903.056447384646,0.0,0.0,False
CHI,10000,r*,0.5,0.75,0.85,-59903.056447384646,0.0,59903.056447384646,0.0,0.0,False
CHI,10000,r*,0.5,0.75,0.9,-59903.056447384646,0.0,59903.056447384646,0.0,0.0,False
CHI,10000,r*,0.5,0.9,0.05,-59903.05644738674,0.0,59903.05644738674,0.0,0.0,False
CHI,10000,r*,0.5,0.9,0.1,-59903.05644738488,0.0,59903.05644738488,0.0,0.0,False
CHI,10000,r*,0.5,0.9,0.15,-59903.05644738488,0.0,59903.05644738488,0.0,0.0,False
CHI,10000,r*,0.5,0.9,0.2,-59903.05644738488,0.0,59903.05644738488,0.0,0.0,False
CHI,10000,r*,0.5,0.9,0.25,-59903.05644738488,0.0,59903.05644738488,0.0,0.0,False
CHI,10000,r*,0.5,0.9,0.3,-59903.05644738488,0.0,59903.05644738488,0.0,0.0,False
CHI,10000,r*,0.5,0.9,0.35,-59903.05644738441,0.0,59903.05644738441,0.0,0.0,False
CHI,10000,r*,0.5,0.9,0.4,-59903.05644738441,0.0,59903.05644738441,0.0,0.0,False
CHI,10000,r*,0.5,0.9,0.45,-59903.05644738441,0.0,59903.05644738441,0.0,0.0,False
CHI,10000,r*,0.5,0.9,0.5,-59910.52096507672,-7.464517692307663,59903.05644738441,0.0,14.929035384615325,False
CHI,10000,r*,0.5,0.9,0.55,-59962.542520321476,-59.4860729370642,59903.05644738441,0.3636363636364229,119.33578223776482,False
CHI,10000,r*,0.5,0.9,0.6,-60199.302428692106,-296.24598130769215,59903.05644738441,8.0,600.4919626153843,False
CHI,10000,r*,0.5,0.9,0.65,-60903.385645538256,-1000.3291981538398,59903.05644738441,27.076923076922817,2027.7353193846025,False
CHI,10000,r*,0.5,0.9,0.7,-62193.056368219804,-2289.999920835158,59903.056447384646,98.85714285714226,4678.856984527458,False
CHI,10000,r*,0.5,0.9,0.75,-64124.65944915388,-4221.60300176923,59903.056447384646,292.4,8735.60600353846,False
CHI,10000,r*,0.5,0.9,0.8,-66597.85860861541,-6694.802161230769,59903.056447384646,693.75,14083.354322461539,False
CHI,10000,r*,0.5,0.9,0.85,-69325.56241338464,-9422.505965999999,59903.056447384646,1390.0,20235.011931999998,False
CHI,10000,r*,0.5,0.9,0.9,-72136.8220472308,-12233.765599846154,59903.056447384646,2430.0,26897.53119969231,False
CHI,10000,r*,1.0,0.6,0.05,-59903.05644738674,0.0,59903.05644738674,0.0,0.0,False
CHI,10000,r*,1.0,0.6,0.1,-59903.05644738488,0.0,59903.05644738488,0.0,0.0,False
CHI,10000,r*,1.0,0.6,0.15,-59903.05644738488,0.0,59903.05644738488,0.0,0.0,False
CHI,10000,r*,1.0,0.6,0.2,-59903.05644738488,0.0,59903.05644738488,0.0,0.0,False
CHI,10000,r*,1.0,0.6,0.25,-59903.05644738488,0.0,59903.05644738488,0.0,0.0,False
CHI,10000,r*,1.0,0.6,0.3,-59903.05644738488,0.0,59903.05644738488,0.0,0.0,False
CHI,10000,r*,1.0,0.6,0.35,-59903.05644738441,0.0,59903.05644738441,0.0,0.0,False
CHI,10000,r*,1.0,0.6,0.4,-59903.05644738441,0.0,59903.05644738441,0.0,0.0,False
CHI,10000,r*,1.0,0.6,0.45,-59903.05644738441,0.0,59903.05644738441,0.0,0.0,False
CHI,10000,r*,1.0,0.6,0.5,-59903.05644738441,0.0,59903.05644738441,0.0,0.0,False
CHI,10000,r*,1.0,0.6,0.55,-59903.05644738441,0.0,59903.05644738441,0.0,0.0,False
CHI,10000,r*,1.0,0.6,0.6,-59903.05644738441,0.0,59903.05644738441,0.0,0.0,False
CHI,10000,r*,1.0,0.6,0.65,-59903.05644738441,0.0,59903.05644738441,0.0,0.0,False
CHI,10000,r*,1.0,0.6,0.7,-59903.056447384646,0.0,59903.056447384646,0.0,0.0,False
CHI,10000,r*,1.0,0.6,0.75,-59903.056447384646,0.0,59903.056447384646,0.0,0.0,False
CHI,10000,r*,1.0,0.6,0.8,-59903.056447384646,0.0,59903.056447384646,0.0,0.0,False
CHI,10000,r*,1.0,0.6,0.85,-59903.056447384646,0.0,59903.056447384646,0.0,0.0,False
CHI,10000,r*,1.0,0.6,0.9,-59903.056447384646,0.0,59903.056447384646,0.0,0.0,False
CHI,10000,r*,1.0,0.75,0.05,-59903.05644738674,0.0,59903.05644738674,0.0,0.0,False
CHI,10000,r*,1.0,0.75,0.1,-59903.05644738488,0.0,59903.05644738488,0.0,0.0,False
CHI,10000,r*,1.0,0.75,0.15,-59903.05644738488,0.0,59903.05644738488,0.0,0.0,False
CHI,10000,r*,1.0,0.75,0.2,-59903.05644738488,0.0,59903.05644738488,0.0,0.0,False
CHI,10000,r*,1.0,0.75,0.25,-59903.05644738488,0.0,59903.05644738488,0.0,0.0,False
CHI,10000,r*,1.0,0.75,0.3,-59903.05644738488,0.0,59903.05644738488,0.0,0.0,False
CHI,10000,r*,1.0,0.75,0.35,-59903.05644738441,0.0,59903.05644738441,0.0,0.0,False
CHI,10000,r*,1.0,0.75,0.4,-59903.05644738441,0.0,59903.05644738441,0.0,0.0,False
CHI,10000,r*,1.0,0.75,0.45,-59903.05644738441,0.0,59903.05644738441,0.0,0.0,False
CHI,10000,r*,1.0,0.75,0.5,-59903.05644738441,0.0,59903.05644738441,0.0,0.0,False
CHI,10000,r*,1.0,0.75,0.55,-59903.05644738441,0.0,59903.05644738441,0.0,0.0,False
CHI,10000,r*,1.0,0.75,0.6,-59903.05644738441,0.0,59903.05644738441,0.0,0.0,False
CHI,10000,r*,1.0,0.75,0.65,-59903.05644738441,0.0,59903.05644738441,0.0,0.0,False
CHI,10000,r*,1.0,0.75,0.7,-59903.056447384646,0.0,59903.056447384646,0.0,0.0,False
CHI,10000,r*,1.0,0.75,0.75,-59903.056447384646,0.0,59903.056447384646,0.0,0.0,False
CHI,10000,r*,1.0,0.75,0.8,-59903.056447384646,0.0,59903.056447384646,0.0,0.0,False
CHI,10000,r*,1.0,0.75,0.85,-59903.056447384646,0.0,59903.056447384646,0.0,0.0,False
CHI,10000,r*,1.0,0.75,0.9,-59903.056447384646,0.0,59903.056447384646,0.0,0.0,False
CHI,10000,r*,1.0,0.9,0.05,-59903.05644738674,0.0,59903.05644738674,0.0,0.0,False
CHI,10000,r*,1.0,0.9,0.1,-59903.05644738488,0.0,59903.05644738488,0.0,0.0,False
CHI,10000,r*,1.0,0.9,0.15,-59903.05644738488,0.0,59903.05644738488,0.0,0.0,False
CHI,10000,r*,1.0,0.9,0.2,-59903.05644738488,0.0,59903.05644738488,0.0,0.0,False
CHI,10000,r*,1.0,0.9,0.25,-59903.05644738488,0.0,59903.05644738488,0.0,0.0,False
CHI,10000,r*,1.0,0.9,0.3,-59903.05644738488,0.0,59903.05644738488,0.0,0.0,False
CHI,10000,r*,1.0,0.9,0.35,-59903.05644738441,0.0,59903.05644738441,0.0,0.0,False
CHI,10000,r*,1.0,0.9,0.4,-59903.05644738441,0.0,59903.05644738441,0.0,0.0,False
CHI,10000,r*,1.0,0.9,0.45,-59903.05644738441,0.0,59903.05644738441,0.0,0.0,False
CHI,10000,r*,1.0,0.9,0.5,-59917.98548276903,-14.929035384615325,59903.05644738441,0.0,14.929035384615325,False
CHI,10000,r*,1.0,0.9,0.55,-60022.02859325854,-118.9721458741284,59903.05644738441,0.3636363636364229,119.33578223776482,False
CHI,10000,r*,1.0,0.9,0.6,-60495.5484099998,-592.4919626153843,59903.05644738441,8.0,600.4919626153843,False
CHI,10000,r*,1.0,0.9,0.65,-61903.71484369209,-2000.6583963076796,59903.05644738441,27.076923076922817,2027.7353193846025,False
CHI,10000,r*,1.0,0.9,0.7,-64483.05628905496,-4579.999841670316,59903.056447384646,98.85714285714226,4678.856984527458,False
CHI,10000,r*,1.0,0.9,0.75,-68346.26245092311,-8443.20600353846,59903.056447384646,292.4,8735.60600353846,False
CHI,10000,r*,1.0,0.9,0.8,-73292.66076984619,-13389.604322461539,59903.056447384646,693.75,14083.354322461539,False
CHI,10000,r*,1.0,0.9,0.85,-78748.06837938464,-18845.011931999998,59903.056447384646,1390.0,20235.011931999998,False
CHI,10000,r*,1.0,0.9,0.9,-84370.58764707696,-24467.53119969231,59903.056447384646,2430.0,26897.53119969231,False
CHI,10000,1,0.2,0.6,0.05,-194684.93345399946,0.0,194684.93345399946,0.0,0.0,False
CHI,10000,1,0.2,0.6,0.1,-194684.9334539976,0.0,194684.9334539976,0.0,0.0,False
CHI,10000,1,0.2,0.6,0.15,-194684.93345400132,0.0,194684.93345400132,0.0,0.0,False
CHI,10000,1,0.2,0.6,0.2,-194684.9334540004,0.0,194684.9334540004,0.0,0.0,False
CHI,10000,1,0.2,0.6,0.25,-194684.93345399946,0.0,194684.93345399946,0.0,0.0,False
CHI,10000,1,0.2,0.6,0.3,-194684.93345399946,0.0,194684.93345399946,0.0,0.0,False
CHI,10000,1,0.2,0.6,0.35,-194684.9334540004,0.0,194684.9334540004,0.0,0.0,False
CHI,10000,1,0.2,0.6,0.4,-194684.93345399946,0.0,194684.93345399946,0.0,0.0,False
CHI,10000,1,0.2,0.6,0.45,-194684.93345399993,0.0,194684.93345399993,0.0,0.0,False
CHI,10000,1,0.2,0.6,0.5,-194684.93345399993,0.0,194684.93345399993,0.0,0.0,False
CHI,10000,1,0.2,0.6,0.55,-194684.93345399946,0.0,194684.93345399946,0.0,0.0,False
CHI,10000,1,0.2,0.6,0.6,-194684.93345399993,0.0,194684.93345399993,0.0,0.0,False
CHI,10000,1,0.2,0.6,0.65,-194684.93345400016,0.0,194684.93345400016,0.0,0.0,False
CHI,10000,1,0.2,0.6,0.7,-194684.93345400016,0.0,194684.93345400016,0.0,0.0,False
CHI,10000,1,0.2,0.6,0.75,-194684.93345400016,0.0,194684.93345400016,0.0,0.0,False
CHI,10000,1,0.2,0.6,0.8,-194684.93345400016,0.0,194684.93345400016,0.0,0.0,False
CHI,10000,1,0.2,0.6,0.85,-194684.93345400016,0.0,194684.93345400016,0.0,0.0,False
CHI,10000,1,0.2,0.6,0.9,-194684.93345400016,0.0,194684.93345400016,0.0,0.0,False
CHI,10000,1,0.2,0.75,0.05,-194684.93345399946,0.0,194684.93345399946,0.0,0.0,False
CHI,10000,1,0.2,0.75,0.1,-194684.9334539976,0.0,194684.9334539976,0.0,0.0,False
CHI,10000,1,0.2,0.75,0.15,-194684.93345400132,0.0,194684.93345400132,0.0,0.0,False
CHI,10000,1,0.2,0.75,0.2,-194684.9334540004,0.0,194684.9334540004,0.0,0.0,False
CHI,10000,1,0.2,0.75,0.25,-194684.93345399946,0.0,194684.93345399946,0.0,0.0,False
CHI,10000,1,0.2,0.75,0.3,-194684.93345399946,0.0,194684.93345399946,0.0,0.0,False
CHI,10000,1,0.2,0.75,0.35,-194684.9334540004,0.0,194684.9334540004,0.0,0.0,False
CHI,10000,1,0.2,0.75,0.4,-194684.93345399946,0.0,194684.93345399946,0.0,0.0,False
CHI,10000,1,0.2,0.75,0.45,-194684.93345399993,0.0,194684.93345399993,0.0,0.0,False
CHI,10000,1,0.2,0.75,0.5,-194684.93345399993,0.0,194684.93345399993,0.0,0.0,False
CHI,10000,1,0.2,0.75,0.55,-194684.93345399946,0.0,194684.93345399946,0.0,0.0,False
CHI,10000,1,0.2,0.75,0.6,-194684.93345399993,0.0,194684.93345399993,0.0,0.0,False
CHI,10000,1,0.2,0.75,0.65,-194684.93345400016,0.0,194684.93345400016,0.0,0.0,False
CHI,10000,1,0.2,0.75,0.7,-194684.93345400016,0.0,194684.93345400016,0.0,0.0,False
CHI,10000,1,0.2,0.75,0.75,-194684.93345400016,0.0,194684.93345400016,0.0,0.0,False
CHI,10000,1,0.2,0.75,0.8,-194685.02879910017,-0.09534509999999777,194684.93345400016,0.0,0.4767254999999888,False
CHI,10000,1,0.2,0.75,0.85,-194691.06447990015,-6.131025900000008,194684.93345400016,0.0,30.65512950000004,False
CHI,10000,1,0.2,0.75,0.9,-194725.02890260017,-40.095448600000005,194684.93345400016,0.0,200.47724300000002,False
CHI,10000,1,0.2,0.9,0.05,-194684.93345399946,0.0,194684.93345399946,0.0,0.0,False
CHI,10000,1,0.2,0.9,0.1,-194684.9334539976,0.0,194684.9334539976,0.0,0.0,False
CHI,10000,1,0.2,0.9,0.15,-194684.93345400132,0.0,194684.93345400132,0.0,0.0,False
CHI,10000,1,0.2,0.9,0.2,-194684.9334540004,0.0,194684.9334540004,0.0,0.0,False
CHI,10000,1,0.2,0.9,0.25,-194684.93345399946,0.0,194684.93345399946,0.0,0.0,False
CHI,10000,1,0.2,0.9,0.3,-194684.93345399946,0.0,194684.93345399946,0.0,0.0,False
CHI,10000,1,0.2,0.9,0.35,-194702.6633850147,-17.729931014285594,194684.9334540004,0.0,88.64965507142796,False
CHI,10000,1,0.2,0.9,0.4,-195141.10095079945,-456.1674968,194684.93345399946,0.0,2280.8374839999997,False
CHI,10000,1,0.2,0.9,0.45,-197020.24347609992,-2335.3100221,194684.93345399993,0.0,11676.550110499998,False
CHI,10000,1,0.2,0.9,0.5,-200611.7200305999,-5926.786576600001,194684.93345399993,0.0,29633.932883000005,False
CHI,10000,1,0.2,0.9,0.55,-204882.86571196315,-10197.932257963686,194684.93345399946,0.3636363636364229,50990.024926182065,False
CHI,10000,1,0.2,0.9,0.6,-209059.41277119992,-14374.4793172,194684.93345399993,8.0,71880.396586,False
CHI,10000,1,0.2,0.9,0.65,-212828.9403784309,-18144.00692443075,194684.93345400016,27.076923076922817,90747.11154523067,False
CHI,10000,1,0.2,0.9,0.7,-216123.85470587158,-21438.921251871416,194684.93345400016,98.85714285714226,107293.46340221421,False
CHI,10000,1,0.2,0.9,0.75,-218982.69488860015,-24297.761434600005,194684.93345400016,292.4,121781.207173,False
CHI,10000,1,0.2,0.9,0.8,-221446.21291320017,-26761.279459200003,194684.93345400016,693.75,134500.147296,False
CHI,10000,1,0.2,0.9,0.85,-223555.18522560014,-28870.2517716,194684.93345400016,1390.0,145741.258858,False
CHI,10000,1,0.2,0.9,0.9,-225347.12014480017,-30662.186690799997,194684.93345400016,2430.0,155740.93345399998,False
CHI,10000,1,0.5,0.6,0.05,-194684.93345399946,0.0,194684.93345399946,0.0,0.0,False
CHI,10000,1,0.5,0.6,0.1,-194684.9334539976,0.0,194684.9334539976,0.0,0.0,False
CHI,10000,1,0.5,0.6,0.15,-194684.93345400132,0.0,194684.93345400132,0.0,0.0,False
CHI,10000,1,0.5,0.6,0.2,-194684.9334540004,0.0,194684.9334540004,0.0,0.0,False
CHI,10000,1,0.5,0.6,0.25,-194684.93345399946,0.0,194684.93345399946,0.0,0.0,False
CHI,10000,1,0.5,0.6,0.3,-194684.93345399946,0.0,194684.93345399946,0.0,0.0,False
CHI,10000,1,0.5,0.6,0.35,-194684.9334540004,0.0,194684.9334540004,0.0,0.0,False
CHI,10000,1,0.5,0.6,0.4,-194684.93345399946,0.0,194684.93345399946,0.0,0.0,False
CHI,10000,1,0.5,0.6,0.45,-194684.93345399993,0.0,194684.93345399993,0.0,0.0,False
CHI,10000,1,0.5,0.6,0.5,-194684.93345399993,0.0,194684.93345399993,0.0,0.0,False
CHI,10000,1,0.5,0.6,0.55,-194684.93345399946,0.0,194684.93345399946,0.0,0.0,False
CHI,10000,1,0.5,0.6,0.6,-194684.93345399993,0.0,194684.93345399993,0.0,0.0,False
CHI,10000,1,0.5,0.6,0.65,-194684.93345400016,0.0,194684.93345400016,0.0,0.0,False
CHI,10000,1,0.5,0.6,0.7,-194684.93345400016,0.0,194684.93345400016,0.0,0.0,False
CHI,10000,1,0.5,0.6,0.75,-194684.93345400016,0.0,194684.93345400016,0.0,0.0,False
CHI,10000,1,0.5,0.6,0.8,-194684.93345400016,0.0,194684.93345400016,0.0,0.0,False
CHI,10000,1,0.5,0.6,0.85,-194684.93345400016,0.0,194684.93345400016,0.0,0.0,False
CHI,10000,1,0.5,0.6,0.9,-194684.93345400016,0.0,194684.93345400016,0.0,0.0,False
CHI,10000,1,0.5,0.75,0.05,-194684.93345399946,0.0,194684.93345399946,0.0,0.0,False
CHI,10000,1,0.5,0.75,0.1,-194684.9334539976,0.0,194684.9334539976,0.0,0.0,False
CHI,10000,1,0.5,0.75,0.15,-194684.93345400132,0.0,194684.93345400132,0.0,0.0,False
CHI,10000,1,0.5,0.75,0.2,-194684.9334540004,0.0,194684.9334540004,0.0,0.0,False
CHI,10000,1,0.5,0.75,0.25,-194684.93345399946,0.0,194684.93345399946,0.0,0.0,False
CHI,10000,1,0.5,0.75,0.3,-194684.93345399946,0.0,194684.93345399946,0.0,0.0,False
CHI,10000,1,0.5,0.75,0.35,-194684.9334540004,0.0,194684.9334540004,0.0,0.0,False
CHI,10000,1,0.5,0.75,0.4,-194684.93345399946,0.0,194684.93345399946,0.0,0.0,False
CHI,10000,1,0.5,0.75,0.45,-194684.93345399993,0.0,194684.93345399993,0.0,0.0,False
CHI,10000,1,0.5,0.75,0.5,-194684.93345399993,0.0,194684.93345399993,0.0,0.0,False
CHI,10000,1,0.5,0.75,0.55,-194684.93345399946,0.0,194684.93345399946,0.0,0.0,False
CHI,10000,1,0.5,0.75,0.6,-194684.93345399993,0.0,194684.93345399993,0.0,0.0,False
CHI,10000,1,0.5,0.75,0.65,-194684.93345400016,0.0,194684.93345400016,0.0,0.0,False
CHI,10000,1,0.5,0.75,0.7,-194684.93345400016,0.0,194684.93345400016,0.0,0.0,False
CHI,10000,1,0.5,0.75,0.75,-194684.93345400016,0.0,194684.93345400016,0.0,0.0,False
CHI,10000,1,0.5,0.75,0.8,-194685.17181675017,-0.2383627499999944,194684.93345400016,0.0,0.4767254999999888,False
CHI,10000,1,0.5,0.75,0.85,-194700.26101875017,-15.32756475000002,194684.93345400016,0.0,30.65512950000004,False
CHI,10000,1,0.5,0.75,0.9,-194785.17207550016,-100.23862150000001,194684.93345400016,0.0,200.47724300000002,False
CHI,10000,1,0.5,0.9,0.05,-194684.93345399946,0.0,194684.93345399946,0.0,0.0,False
CHI,10000,1,0.5,0.9,0.1,-194684.9334539976,0.0,194684.9334539976,0.0,0.0,False
CHI,10000,1,0.5,0.9,0.15,-194684.93345400132,0.0,194684.93345400132,0.0,0.0,False
CHI,10000,1,0.5,0.9,0.2,-194684.9334540004,0.0,194684.9334540004,0.0,0.0,False
CHI,10000,1,0.5,0.9,0.25,-194684.93345399946,0.0,194684.93345399946,0.0,0.0,False
CHI,10000,1,0.5,0.9,0.3,-194684.93345399946,0.0,194684.93345399946,0.0,0.0,False
CHI,10000,1,0.5,0.9,0.35,-194729.2582815361,-44.32482753571398,194684.9334540004,0.0,88.64965507142796,False
CHI,10000,1,0.5,0.9,0.4,-195825.35219599947,-1140.4187419999998,194684.93345399946,0.0,2280.8374839999997,False
CHI,10000,1,0.5,0.9,0.45,-200523.20850924993,-5838.275055249999,194684.93345399993,0.0,11676.550110499998,False
CHI,10000,1,0.5,0.9,0.5,-209501.89989549993,-14816.966441500002,194684.93345399993,0.0,29633.932883000005,False
CHI,10000,1,0.5,0.9,0.55,-220179.76409890866,-25494.830644909212,194684.93345399946,0.3636363636364229,50990.024926182065,False
CHI,10000,1,0.5,0.9,0.6,-230621.13174699992,-35936.198293,194684.93345399993,8.0,71880.396586,False
CHI,10000,1,0.5,0.9,0.65,-240044.95076507702,-45360.017311076874,194684.93345400016,27.076923076922817,90747.11154523067,False
CHI,10000,1,0.5,0.9,0.7,-248282.2365836787,-53597.303129678534,194684.93345400016,98.85714285714226,107293.46340221421,False
CHI,10000,1,0.5,0.9,0.75,-255429.33704050016,-60744.403586500004,194684.93345400016,292.4,121781.207173,False
CHI,10000,1,0.5,0.9,0.8,-261588.13210200018,-66903.198648,194684.93345400016,693.75,134500.147296,False
CHI,10000,1,0.5,0.9,0.85,-266860.5628830001,-72175.629429,194684.93345400016,1390.0,145741.258858,False
CHI,10000,1,0.5,0.9,0.9,-271340.4001810001,-76655.46672699999,194684.93345400016,2430.0,155740.93345399998,False
CHI,10000,1,1.0,0.6,0.05,-194684.93345399946,0.0,194684.93345399946,0.0,0.0,False
CHI,10000,1,1.0,0.6,0.1,-194684.9334539976,0.0,194684.9334539976,0.0,0.0,False
CHI,10000,1,1.0,0.6,0.15,-194684.93345400132,0.0,194684.93345400132,0.0,0.0,False
CHI,10000,1,1.0,0.6,0.2,-194684.9334540004,0.0,194684.9334540004,0.0,0.0,False
CHI,10000,1,1.0,0.6,0.25,-194684.93345399946,0.0,194684.93345399946,0.0,0.0,False
CHI,10000,1,1.0,0.6,0.3,-194684.93345399946,0.0,194684.93345399946,0.0,0.0,False
CHI,10000,1,1.0,0.6,0.35,-194684.9334540004,0.0,194684.9334540004,0.0,0.0,False
CHI,10000,1,1.0,0.6,0.4,-194684.93345399946,0.0,194684.93345399946,0.0,0.0,False
CHI,10000,1,1.0,0.6,0.45,-194684.93345399993,0.0,194684.93345399993,0.0,0.0,False
CHI,10000,1,1.0,0.6,0.5,-194684.93345399993,0.0,194684.93345399993,0.0,0.0,False
CHI,10000,1,1.0,0.6,0.55,-194684.93345399946,0.0,194684.93345399946,0.0,0.0,False
CHI,10000,1,1.0,0.6,0.6,-194684.93345399993,0.0,194684.93345399993,0.0,0.0,False
CHI,10000,1,1.0,0.6,0.65,-194684.93345400016,0.0,194684.93345400016,0.0,0.0,False
CHI,10000,1,1.0,0.6,0.7,-194684.93345400016,0.0,194684.93345400016,0.0,0.0,False
CHI,10000,1,1.0,0.6,0.75,-194684.93345400016,0.0,194684.93345400016,0.0,0.0,False
CHI,10000,1,1.0,0.6,0.8,-194684.93345400016,0.0,194684.93345400016,0.0,0.0,False
CHI,10000,1,1.0,0.6,0.85,-194684.93345400016,0.0,194684.93345400016,0.0,0.0,False
CHI,10000,1,1.0,0.6,0.9,-194684.93345400016,0.0,194684.93345400016,0.0,0.0,False
CHI,10000,1,1.0,0.75,0.05,-194684.93345399946,0.0,194684.93345399946,0.0,0.0,False
CHI,10000,1,1.0,0.75,0.1,-194684.9334539976,0.0,194684.9334539976,0.0,0.0,False
CHI,10000,1,1.0,0.75,0.15,-194684.93345400132,0.0,194684.93345400132,0.0,0.0,False
CHI,10000,1,1.0,0.75,0.2,-194684.9334540004,0.0,194684.9334540004,0.0,0.0,False
CHI,10000,1,1.0,0.75,0.25,-194684.93345399946,0.0,194684.93345399946,0.0,0.0,False
CHI,10000,1,1.0,0.75,0.3,-194684.93345399946,0.0,194684.93345399946,0.0,0.0,False
CHI,10000,1,1.0,0.75,0.35,-194684.9334540004,0.0,194684.9334540004,0.0,0.0,False
CHI,10000,1,1.0,0.75,0.4,-194684.93345399946,0.0,194684.93345399946,0.0,0.0,False
CHI,10000,1,1.0,0.75,0.45,-194684.93345399993,0.0,194684.93345399993,0.0,0.0,False
CHI,10000,1,1.0,0.75,0.5,-194684.93345399993,0.0,194684.93345399993,0.0,0.0,False
CHI,10000,1,1.0,0.75,0.55,-194684.93345399946,0.0,194684.93345399946,0.0,0.0,False
CHI,10000,1,1.0,0.75,0.6,-194684.93345399993,0.0,194684.93345399993,0.0,0.0,False
CHI,10000,1,1.0,0.75,0.65,-194684.93345400016,0.0,194684.93345400016,0.0,0.0,False
CHI,10000,1,1.0,0.75,0.7,-194684.93345400016,0.0,194684.93345400016,0.0,0.0,False
CHI,10000,1,1.0,0.75,0.75,-194684.93345400016,0.0,194684.93345400016,0.0,0.0,False
CHI,10000,1,1.0,0.75,0.8,-194685.41017950015,-0.4767254999999888,194684.93345400016,0.0,0.4767254999999888,False
CHI,10000,1,1.0,0.75,0.85,-194715.58858350015,-30.65512950000004,194684.93345400016,0.0,30.65512950000004,False
CHI,10000,1,1.0,0.75,0.9,-194885.41069700016,-200.47724300000002,194684.93345400016,0.0,200.47724300000002,False
CHI,10000,1,1.0,0.9,0.05,-194684.93345399946,0.0,194684.93345399946,0.0,0.0,False
CHI,10000,1,1.0,0.9,0.1,-194684.9334539976,0.0,194684.9334539976,0.0,0.0,False
CHI,10000,1,1.0,0.9,0.15,-194684.93345400132,0.0,194684.93345400132,0.0,0.0,False
CHI,10000,1,1.0,0.9,0.2,-194684.9334540004,0.0,194684.9334540004,0.0,0.0,False
CHI,10000,1,1.0,0.9,0.25,-194684.93345399946,0.0,194684.93345399946,0.0,0.0,False
CHI,10000,1,1.0,0.9,0.3,-194684.93345399946,0.0,194684.93345399946,0.0,0.0,False
CHI,10000,1,1.0,0.9,0.35,-194773.58310907183,-88.64965507142796,194684.9334540004,0.0,88.64965507142796,False
CHI,10000,1,1.0,0.9,0.4,-196965.77093799945,-2280.8374839999997,194684.93345399946,0.0,2280.8374839999997,False
CHI,10000,1,1.0,0.9,0.45,-206361.4835644999,-11676.550110499998,194684.93345399993,0.0,11676.550110499998,False
CHI,10000,1,1.0,0.9,0.5,-224318.86633699993,-29633.932883000005,194684.93345399993,0.0,29633.932883000005,False
CHI,10000,1,1.0,0.9,0.55,-245674.59474381787,-50989.661289818425,194684.93345399946,0.3636363636364229,50990.024926182065,False
CHI,10000,1,1.0,0.9,0.6,-266557.3300399999,-71872.396586,194684.93345399993,8.0,71880.396586,False
CHI,10000,1,1.0,0.9,0.65,-285404.9680761539,-90720.03462215375,194684.93345400016,27.076923076922817,90747.11154523067,False
CHI,10000,1,1.0,0.9,0.7,-301879.5397133572,-107194.60625935707,194684.93345400016,98.85714285714226,107293.46340221421,False
CHI,10000,1,1.0,0.9,0.75,-316173.74062700017,-121488.80717300001,194684.93345400016,292.4,121781.207173,False
CHI,10000,1,1.0,0.9,0.8,-328491.3307500002,-133806.397296,194684.93345400016,693.75,134500.147296,False
CHI,10000,1,1.0,0.9,0.85,-339036.19231200014,-144351.258858,194684.93345400016,1390.0,145741.258858,False
CHI,10000,1,1.0,0.9,0.9,-347995.86690800014,-153310.93345399998,194684.93345400016,2430.0,155740.93345399998,False
