nom,occ_normal,occ_grosse,rot_normal,rot_grosse,heures,spend
230 Fifth,"(0.25, 0.35, 0.5)","(0.6, 0.8, 1.0)","(1.5, 2.0, 2.5)","(2.0, 2.5, 3.0)","(6, 7, 8)","(32, 46, 62)"
Elsewhere Rooftop,"(0.3, 0.45, 0.6)","(0.7, 0.85, 1.0)","(1.2, 1.5, 2.0)","(1.5, 2.0, 2.5)","(6, 7, 8)","(23, 34, 48)"
The Rooftop at Pier 17,"(0.4, 0.6, 0.8)","(0.8, 0.95, 1.0)","(1.0, 1.0, 1.2)","(1.0, 1.0, 1.2)","(6, 7, 8)","(32, 46, 62)"
Berry Park,"(0.3, 0.45, 0.6)","(0.7, 0.85, 1.0)","(1.5, 2.0, 2.5)","(2.0, 2.5, 3.0)","(6, 7, 8)","(21, 32, 45)"
Time Out Market rooftop,"(0.3, 0.45, 0.6)","(0.7, 0.85, 1.0)","(1.5, 2.0, 2.5)","(2.0, 2.5, 3.0)","(6, 7, 8)","(34, 49, 66)"
Sultan Room Rooftop,"(0.3, 0.45, 0.6)","(0.7, 0.85, 1.0)","(1.2, 1.5, 2.0)","(1.5, 2.0, 2.5)","(6, 7, 8)","(28, 40, 55)"
Eagle NYC,"(0.3, 0.45, 0.6)","(0.7, 0.85, 1.0)","(1.5, 2.0, 2.5)","(2.0, 2.5, 3.0)","(6, 7, 8)","(23, 34, 48)"
City Vineyard (Pier 26),"(0.3, 0.5, 0.7)","(0.7, 0.85, 1.0)","(1.5, 2.0, 2.5)","(1.5, 2.0, 2.5)","(6, 7, 8)","(32, 46, 62)"
Bar 13,"(0.3, 0.45, 0.6)","(0.7, 0.85, 1.0)","(1.5, 2.0, 2.5)","(2.0, 2.5, 3.0)","(6, 7, 8)","(18, 29, 41)"
Watermark (Pier 15),"(0.25, 0.4, 0.55)","(0.6, 0.8, 1.0)","(1.5, 2.0, 2.5)","(2.0, 2.5, 3.0)","(6, 7, 8)","(28, 40, 55)"
