nom,quartier,statut,capacite_basse,capacite,capacite_haute,prix_cocktail_bas,prix_cocktail_haut,depense_tete_basse,depense_tete,depense_tete_haute,jours_ouverture,soirees_programmees,cachet_bas,cachet,cachet_haut,R_normal_bas,R_normal,R_normal_haut,R_grosse_bas,R_grosse,R_grosse_haut,K_normal_bas,K_normal,K_normal_haut,K_grosse_bas,K_grosse,K_grosse_haut,methode,sources
230 Fifth,"NoMad, Manhattan",retenu,900,1200,1200,14,18,32,46,62,lun-dim,"ven,sam",500,1500,3000,10867,38640,93150,34776,110400,223560,3892,8812,16358,7957,19260,35847,"R = capacite x occupation x rotation x depense par tete (2 a 3 consommations plus 15 % de nourriture) ; K = personnel au ratio Porcci pour 500 personnes mis a l'echelle x 6 a 8 h x taux NYSDOL charges, plus securite (1 agent pour 25 a 50), plus cachet (100 % pour une grosse soiree, 15 % pour un soir normal), plus promotion (3 a 5 % de R)","capacite : site officiel et Vendry (1 200 sur le rooftop garden) ; prix : happy-hour.nyc (cocktail ~14 $, tiers) ; 1,1 M clients et 20 M$ par an en 2012 (Crain's) ; DJ live et soirees a theme (site)"
Elsewhere Rooftop,"Bushwick, Brooklyn",retenu,400,500,500,10,14,23,34,48,jeu-dim,"jeu,ven,sam,dim",1000,2500,5000,3312,11644,28980,9660,29325,60375,1884,3942,7247,4108,9189,17211,"R = capacite x occupation x rotation x depense par tete (2 a 3 consommations plus 15 % de nourriture) ; K = personnel au ratio Porcci pour 500 personnes mis a l'echelle x 6 a 8 h x taux NYSDOL charges, plus securite (1 agent pour 25 a 50), plus cachet (100 % pour une grosse soiree, 15 % pour un soir normal), plus promotion (3 a 5 % de R)","capacite : Vendry (500 debout, 150 assis, mai a octobre) ; prix : Discotech (well 8 $, biere 6 $, cover ~20 $, tiers) ; DJ sets jeudi a dimanche, series recurrentes (site) ; billets d'ouverture 15 $ (amNY)"
The Rooftop at Pier 17,"Seaport, Manhattan","retenu, modele billetterie distinct",2266,3400,3500,14,18,32,46,62,jeu-dim,"jeu,ven,sam,dim",15000,40000,100000,116599,282948,392910,116599,282948,392910,41405,103364,202039,41405,103364,202039,"R = capacite x occupation x rotation x depense par tete (2 a 3 consommations plus 15 % de nourriture) ; K = personnel au ratio Porcci pour 500 personnes mis a l'echelle x 6 a 8 h x taux NYSDOL charges, plus securite (1 agent pour 25 a 50), plus cachet (100 % pour une grosse soiree, 15 % pour un soir normal), plus promotion (3 a 5 % de R)","capacite : Vendry (3 500 debout, 2 266 assis) et Billboard (~3 400) ; saison 2026 du 2 mai au 10 octobre, plus de 60 concerts Live Nation (TicketNews) ; cachets : ordre de grandeur des garanties d'artistes de salle de 3 000 places, non publie"
Berry Park,"Williamsburg, Brooklyn",sous reserve : toit decrit comme couvert et chauffe par Vendry,250,300,300,9,13,21,32,45,mar-dim,"ven,sam",300,600,1500,2329,8539,20182,7245,20161,40365,1193,2361,4319,2359,4825,9145,"R = capacite x occupation x rotation x depense par tete (2 a 3 consommations plus 15 % de nourriture) ; K = personnel au ratio Porcci pour 500 personnes mis a l'echelle x 6 a 8 h x taux NYSDOL charges, plus securite (1 agent pour 25 a 50), plus cachet (100 % pour une grosse soiree, 15 % pour un soir normal), plus promotion (3 a 5 % de R)","capacite : Revelr (~300, estime) ; DJ chaque vendredi et samedi (rooftop guide) ; horaires : Yelp ; prix non trouves, fourchette biere allemande et belge"
Time Out Market rooftop,"Dumbo, Brooklyn",retenu,250,350,350,15,19,34,49,66,lun-dim,"mer,jeu,ven,sam,dim",500,1500,3000,3881,15396,34414,12075,36351,68828,1269,3002,5505,2800,7036,12960,"R = capacite x occupation x rotation x depense par tete (2 a 3 consommations plus 15 % de nourriture) ; K = personnel au ratio Porcci pour 500 personnes mis a l'echelle x 6 a 8 h x taux NYSDOL charges, plus securite (1 agent pour 25 a 50), plus cachet (100 % pour une grosse soiree, 15 % pour un soir normal), plus promotion (3 a 5 % de R)","capacite : Resident 2025 (350 debout a l'etage) ; privatisation du rooftop 28 000 $ pour 150 a 400 (Eventective) ; jazz mardi, DJ mercredi a samedi, live dimanche (Resident) ; prix non trouves, marche premium"
Sultan Room Rooftop,"Bushwick, Brooklyn",retenu,150,200,250,12,16,28,40,55,mar-dim,"jeu,ven,sam,dim",300,800,2000,1490,5434,16560,4347,13685,34500,818,1696,3750,1595,3699,8461,"R = capacite x occupation x rotation x depense par tete (2 a 3 consommations plus 15 % de nourriture) ; K = personnel au ratio Porcci pour 500 personnes mis a l'echelle x 6 a 8 h x taux NYSDOL charges, plus securite (1 agent pour 25 a 50), plus cachet (100 % pour une grosse soiree, 15 % pour un soir normal), plus promotion (3 a 5 % de R)","capacite rooftop non trouvee, salle interieure 201 debout (site) ; residences DJ jeudi a dimanche, vinyl mardi (Brooklyn Paper) ; rooftop 17 h a 23 h (Brooklyn Paper) ; prix non trouves"
Eagle NYC,"West Chelsea, Manhattan","retenu, toit chauffe",200,300,400,10,14,23,34,48,lun-dim,"ven,sam,dim",300,600,1500,2070,9315,28980,6440,21994,57960,999,2384,5652,2009,4917,11808,"R = capacite x occupation x rotation x depense par tete (2 a 3 consommations plus 15 % de nourriture) ; K = personnel au ratio Porcci pour 500 personnes mis a l'echelle x 6 a 8 h x taux NYSDOL charges, plus securite (1 agent pour 25 a 50), plus cachet (100 % pour une grosse soiree, 15 % pour un soir normal), plus promotion (3 a 5 % de R)","capacite non trouvee, bar sur plusieurs niveaux avec roof deck (Wikipedia, Atly) ; DJ a chaque niveau, soirees quotidiennes (NYC Tourism) ; horaires 22 h a 4 h (Atly) ; prix non trouves"
City Vineyard (Pier 26),"Tribeca, Manhattan","retenu, programmation concerts et non DJ",150,200,250,14,18,32,46,62,lun-dim,"ven,sam",500,1500,3000,2173,9200,27169,5071,15640,38812,869,1914,4219,1832,4497,9677,"R = capacite x occupation x rotation x depense par tete (2 a 3 consommations plus 15 % de nourriture) ; K = personnel au ratio Porcci pour 500 personnes mis a l'echelle x 6 a 8 h x taux NYSDOL charges, plus securite (1 agent pour 25 a 50), plus cachet (100 % pour une grosse soiree, 15 % pour un soir normal), plus promotion (3 a 5 % de R)","capacite : site officiel (South Rooftop 150 en reception, buyout 550) ; concerts Voices on the Hudson limites a 100 billets (site) ; horaires site ; rooftop saisonnier, dates non trouvees ; prix non trouves"
Bar 13,"Union Square, Manhattan","sous reserve : site en travaux, sources contradictoires",100,150,200,8,12,18,29,41,lun-dim,"jeu,ven,sam",300,600,1500,828,3881,12420,2576,9164,24840,677,1319,3016,1197,2772,6587,"R = capacite x occupation x rotation x depense par tete (2 a 3 consommations plus 15 % de nourriture) ; K = personnel au ratio Porcci pour 500 personnes mis a l'echelle x 6 a 8 h x taux NYSDOL charges, plus securite (1 agent pour 25 a 50), plus cachet (100 % pour une grosse soiree, 15 % pour un soir normal), plus promotion (3 a 5 % de R)","capacite non trouvee, toit petit (Rooftop Drinker) ; cocktails 5 a 10 $, cover 10 a 20 $ (Discotech, ancien) ; Top 40, afrobeats, soiree RA fevrier 2026 (Resident Advisor)"
Watermark (Pier 15),"Seaport, Manhattan","sous reserve : terrasse de jetee, pas un toit d'immeuble",600,900,1200,12,16,28,40,55,lun-dim,"ven,sam",500,1500,3000,6210,28980,91080,19872,72450,198720,2638,6718,16296,5356,14355,34605,"R = capacite x occupation x rotation x depense par tete (2 a 3 consommations plus 15 % de nourriture) ; K = personnel au ratio Porcci pour 500 personnes mis a l'echelle x 6 a 8 h x taux NYSDOL charges, plus securite (1 agent pour 25 a 50), plus cachet (100 % pour une grosse soiree, 15 % pour un soir normal), plus promotion (3 a 5 % de R)","capacite : site officiel (200 a 1 200 invites, 10 000 sq ft) ; happy hour biere 8 $, cocktail canette 10 $ (menu) ; DJ reggaeton vendredi et samedi 21 h (site) ; Watermark Beach des le 1er mai 2026 (Time Out)"
