bin_bas,bin_haut,n,prix_moyen,frequence,freq_ic_bas,freq_ic_haut,ville,source
0.0,0.035,15,0.02166666666666667,0.06666666666666667,0.011866588606194856,0.2981707755242399,NYC,kalshi_veille_12h
0.035,0.07,31,0.04306451612903227,0.12903225806451613,0.05134201164644764,0.28852756954385356,NYC,kalshi_veille_12h
0.07,0.12000000000000001,25,0.0944,0.16,0.06403347608577989,0.34654013980238163,NYC,kalshi_veille_12h
0.12000000000000001,0.22,22,0.1615909090909091,0.22727272727272727,0.10122890794820358,0.4344035606295935,NYC,kalshi_veille_12h
0.22,0.38,25,0.2844,0.28,0.1428367383738157,0.47576971896558296,NYC,kalshi_veille_12h
0.38,0.5,22,0.43795454545454543,0.2727272727272727,0.1315058201581444,0.4815212369900198,NYC,kalshi_veille_12h
0.5,0.6020000000000002,26,0.5334615384615385,0.46153846153846156,0.28755582695234905,0.6454236379556988,NYC,kalshi_veille_12h
0.6020000000000002,0.8,21,0.6861904761904762,0.9523809523809523,0.7733018341376452,0.9915442305280766,NYC,kalshi_veille_12h
0.8,0.87,21,0.8352380952380953,0.8095238095238095,0.599990134607267,0.9233255938482269,NYC,kalshi_veille_12h
0.87,1.0,29,0.920344827586207,1.0,0.8830264055344442,1.0,NYC,kalshi_veille_12h
0.0,0.035,65,0.012272307692307707,0.07692307692307693,0.03330301045885137,0.16776146218559615,NYC,mos_nbs
0.035,0.07,23,0.05385217391304351,0.08695652173913043,0.02417949540723341,0.2679640429809402,NYC,mos_nbs
0.07,0.12000000000000001,18,0.09395555555555557,0.2222222222222222,0.09000781913382,0.4521502645230549,NYC,mos_nbs
0.12000000000000001,0.22,17,0.16482352941176473,0.29411764705882354,0.13279793865556402,0.5313353332621391,NYC,mos_nbs
0.22,0.38,27,0.28957777777777777,0.5555555555555556,0.37312719479576884,0.7241440232992717,NYC,mos_nbs
0.38,0.5,14,0.4358642857142857,0.7142857142857143,0.4535045882751561,0.882788120898909,NYC,mos_nbs
0.5,0.6020000000000002,10,0.5525399999999999,0.8,0.49015684672072335,0.9433190520193067,NYC,mos_nbs
0.6020000000000002,0.8,26,0.6969807692307692,0.8076923076923077,0.6212336384535001,0.9149306422821174,NYC,mos_nbs
0.8,0.87,12,0.8396916666666666,0.9166666666666666,0.6461140782014047,0.9851352905492264,NYC,mos_nbs
0.87,1.0,25,0.9435960000000001,0.96,0.8045552759497747,0.9929039496133008,NYC,mos_nbs
0.0,0.252,6,0.16333333333333336,0.16666666666666666,0.03005258587173032,0.563509436563646,MIA,kalshi_veille_12h
0.252,0.422,5,0.375,0.4,0.1176182311592533,0.769280067791163,MIA,kalshi_veille_12h
0.422,0.473,5,0.446,0.6,0.23071993220883708,0.8823817688407467,MIA,kalshi_veille_12h
0.473,0.534,5,0.504,0.6,0.23071993220883708,0.8823817688407467,MIA,kalshi_veille_12h
0.534,0.63,5,0.5780000000000001,0.4,0.1176182311592533,0.769280067791163,MIA,kalshi_veille_12h
0.63,0.676,5,0.654,0.6,0.23071993220883708,0.8823817688407467,MIA,kalshi_veille_12h
0.676,0.73,4,0.7050000000000001,1.0,0.5100999795960008,1.0,MIA,kalshi_veille_12h
0.73,0.74,4,0.73,1.0,0.5100999795960008,1.0,MIA,kalshi_veille_12h
0.74,0.759,7,0.7457142857142858,0.7142857142857143,0.35892909014821267,0.9177828342909844,MIA,kalshi_veille_12h
0.759,1.0,6,0.7999999999999999,0.8333333333333334,0.43649056343635395,0.9699474141282697,MIA,kalshi_veille_12h
0.0,0.252,7,0.17458571428571432,0.14285714285714285,0.02567895594897479,0.51313450331903,MIA,mos_nbs
0.252,0.422,3,0.35733333333333334,0.6666666666666666,0.2076549551264879,0.9385096847238394,MIA,mos_nbs
0.422,0.473,2,0.45325,1.0,0.34237195288961925,1.0,MIA,mos_nbs
0.473,0.534,4,0.49215,0.0,0.0,0.48990002040399916,MIA,mos_nbs
0.534,0.63,2,0.6012,0.0,0.0,0.6576280471103807,MIA,mos_nbs
0.63,0.676,7,0.6536142857142856,0.8571428571428571,0.48686549668097007,0.9743210440510253,MIA,mos_nbs
0.676,0.73,6,0.7101833333333333,0.6666666666666666,0.29998832134152864,0.9032306674407831,MIA,mos_nbs
0.74,0.759,3,0.7521999999999999,1.0,0.43849391955098227,1.0,MIA,mos_nbs
0.759,1.0,18,0.8437777777777777,0.7777777777777778,0.5478497354769452,0.90999218086618,MIA,mos_nbs
0.0,0.05,5,0.034,0.0,-2.7755575615628914e-17,0.43449149475208104,CHI,kalshi_veille_12h
0.05,0.08,4,0.05,0.0,0.0,0.48990002040399916,CHI,kalshi_veille_12h
0.08,0.126,7,0.09285714285714285,0.0,0.0,0.35433884297520657,CHI,kalshi_veille_12h
0.126,0.17600000000000002,5,0.144,0.2,0.03622316096978745,0.6244717358814613,CHI,kalshi_veille_12h
0.17600000000000002,0.26,5,0.19,0.0,-2.7755575615628914e-17,0.43449149475208104,CHI,kalshi_veille_12h
0.26,0.41700000000000004,6,0.33083333333333337,0.16666666666666666,0.03005258587173032,0.563509436563646,CHI,kalshi_veille_12h
0.41700000000000004,0.5190000000000002,5,0.466,0.2,0.03622316096978745,0.6244717358814613,CHI,kalshi_veille_12h
0.5190000000000002,0.642,5,0.588,0.4,0.1176182311592533,0.769280067791163,CHI,kalshi_veille_12h
0.642,0.82,4,0.7375,0.5,0.15003570882017148,0.8499642911798285,CHI,kalshi_veille_12h
0.82,1.0,7,0.8828571428571429,0.8571428571428571,0.48686549668097007,0.9743210440510253,CHI,kalshi_veille_12h
0.0,0.05,14,0.017064285714285737,0.0,0.0,0.21531701192718142,CHI,mos_nbs
0.05,0.08,4,0.06950000000000003,0.0,0.0,0.48990002040399916,CHI,mos_nbs
0.08,0.126,3,0.10820000000000003,0.0,0.0,0.5615060804490177,CHI,mos_nbs
0.126,0.17600000000000002,2,0.14790000000000003,0.0,0.0,0.6576280471103807,CHI,mos_nbs
0.17600000000000002,0.26,5,0.21417999999999998,0.0,-2.7755575615628914e-17,0.43449149475208104,CHI,mos_nbs
0.26,0.41700000000000004,7,0.3240142857142857,0.2857142857142857,0.0822171657090155,0.6410709098517873,CHI,mos_nbs
0.41700000000000004,0.5190000000000002,1,0.4707,0.0,0.0,0.7934567085261071,CHI,mos_nbs
0.5190000000000002,0.642,4,0.5670999999999999,0.25,0.045586062644636216,0.6993639475573634,CHI,mos_nbs
0.642,0.82,4,0.7468250000000001,0.25,0.045586062644636216,0.6993639475573634,CHI,mos_nbs
0.82,1.0,9,0.9218444444444445,1.0,0.7008472464490407,1.0,CHI,mos_nbs
