nom,objectif,saison_choix,saison_evaluation,critere,seuil,h,valeur_sans_couverture_IS,valeur_avec_IS,gain_IS,valeur_sans_couverture_OOS,valeur_avec_OOS,gain_OOS,gain_OOS_ic_bas,gain_OOS_ic_haut,moyenne_OOS_sans,moyenne_OOS_avec,prime_saison_OOS,n_soirees_couvertes_OOS
230 Fifth,trou_max,2025,2026,grosses,0.5,1.0,-350497.5996688742,-346705.78814507416,3791.8115238000173,-287402.48261278187,-285717.73583758186,1684.7467751999993,-79975.19520000002,41217.50880000001,5898814.02,5944892.2944648,1523562.1727999998,18
230 Fifth,trou_max,2026,2025,grosses,0.0,1.0,-287402.48261278187,-283379.11803718196,4023.3645755999023,-350497.5996688742,-348937.5890464742,1560.010622399999,-50480.17920000001,47767.32000000001,6902613.26,6912331.7729108,808108.7076000002,23
230 Fifth,pire_5pct,2025,2026,toutes,0.5,1.0,6645620.0,6937855.436765,292235.4367650002,5612700.0,5661894.977472,49194.977471999824,16858.610051099862,73317.02319839977,5898814.02,5974020.6463885205,2682113.63904,55
230 Fifth,pire_5pct,2026,2025,toutes,0.6,1.0,5612700.0,5814531.026459999,201831.02645999938,6645620.0,6859530.883784001,213910.88378400076,191804.0532582004,235573.4013885001,6902613.26,7123900.733170641,883188.8551200001,19
230 Fifth,moyenne,2025,2026,toutes,0.5,1.0,6902613.26,7175889.02837732,273275.7683773199,5898814.02,5974020.6463885205,75206.62638852003,-289750.1352179997,443520.0130439991,5898814.02,5974020.6463885205,2682113.63904,55
230 Fifth,moyenne,2026,2025,toutes,0.0,1.0,5898814.02,6169698.9032335505,270884.88323355094,6902613.26,6906564.58418924,3951.324189239999,-379156.39186799957,418002.1963394995,6902613.26,6906564.58418924,1545055.96536,71
Elsewhere Rooftop,trou_max,2025,2026,grosses,0.6,1.0,-55456.22671129259,-54642.85952318011,813.3671881124828,-41853.34812623356,-41440.68269697106,412.6654292625,-25187.975625,10659.8721,946035.598,969795.9011170375,344401.36289999995,14
Elsewhere Rooftop,trou_max,2026,2025,grosses,0.6,0.8,-41853.34812623356,-41342.556306083556,510.79182015000697,-55456.22671129259,-54805.5329608026,650.69375049,0.0,7837.3994999999995,1182122.6515,1213694.62196032,113419.45794000001,6
Elsewhere Rooftop,pire_5pct,2025,2026,toutes,0.6,1.0,1128988.0,1181861.9572126,52873.957212599926,882035.5,892092.2064495,10056.706449500052,4492.773505483745,15372.663614842546,946035.598,978516.3609132896,515509.162752,32
Elsewhere Rooftop,pire_5pct,2026,2025,toutes,0.6,0.5,882035.5,895435.99851285,13400.498512850027,1128988.0,1157970.193032775,28982.193032775074,24019.712930432383,33559.77548049996,1182122.6515,1208159.4960833942,104693.25627649999,13
Elsewhere Rooftop,moyenne,2025,2026,toutes,0.6,1.0,1182122.6515,1234196.3406667882,52073.689166788245,946035.598,978516.3609132896,32480.762913289505,-62060.456708274985,115199.71409569998,946035.598,978516.3609132896,515509.162752,32
Elsewhere Rooftop,moyenne,2026,2025,toutes,0.6,1.0,946035.598,978516.3609132896,32480.762913289596,1182122.6515,1234196.3406667882,52073.689166788,17536.17420330004,94176.69523830005,1182122.6515,1234196.3406667882,209386.51255299998,13
The Rooftop at Pier 17,trou_max,2025,2026,grosses,0.6,1.0,-738518.3709375,-730829.2936986301,7689.07723886997,-568842.0823125,-565162.7502908878,3679.3320216119996,-243031.11089999997,102853.861584,11534550.229,11784695.261382623,3323023.932816,14
The Rooftop at Pier 17,trou_max,2026,2025,grosses,0.6,0.7,-568842.0823125,-563945.5841979987,4896.4981145012425,-738518.3709375,-733136.016870291,5382.354067208999,0.0,64230.440971200005,14436116.527,14700167.89993827,957556.1018603998,6
The Rooftop at Pier 17,pire_5pct,2025,2026,toutes,0.6,1.0,13822756.0,14498497.6764328,675741.6764327995,10677430.0,10917454.1942092,240024.1942091994,82720.43491709973,280261.749338655,11534550.229,11978029.52944168,7480925.835299999,32
The Rooftop at Pier 17,pire_5pct,2026,2025,toutes,0.6,0.8,10677430.0,10926466.59165664,249036.59165664017,13822756.0,14380928.33449024,558172.3344902396,524877.750240347,588980.4888566036,14436116.527,14977988.738440685,2408725.2324384004,13
The Rooftop at Pier 17,moyenne,2025,2026,toutes,0.6,1.0,14436116.527,15113456.791300857,677340.2643008567,11534550.229,11978029.52944168,443479.30044168007,-647607.7323707994,1440472.4865753006,11534550.229,11978029.52944168,7480925.835299999,32
The Rooftop at Pier 17,moyenne,2026,2025,toutes,0.6,1.0,11534550.229,11978029.52944168,443479.3004416805,14436116.527,15113456.791300857,677340.264300858,230124.4378800001,1184578.7222904002,14436116.527,15113456.791300857,3010906.5405480005,13
Berry Park,trou_max,2025,2026,grosses,0.5,1.0,-55943.49741133719,-55187.97162271844,755.5257886187537,-45941.571794407864,-46180.748387026375,-239.1765926184996,-17316.786925,7527.048866999998,954816.74625,954915.2326241145,260529.81686499997,17
Berry Park,trou_max,2026,2025,grosses,0.0,1.0,-45941.571794407864,-45478.37079979638,463.20099461148493,-55943.49741133719,-55564.59934184232,378.8980694948751,-9218.576928000002,8723.160675,1117269.8775,1128400.1032053048,147574.99686525002,23
Berry Park,pire_5pct,2025,2026,toutes,0.5,1.0,1073504.0,1124499.1719153125,50995.17191531253,909111.5,900667.38565935,-8444.114340650034,-12611.440515013766,-4398.78241609003,954816.74625,956429.1304936309,472461.6829409999,48
Berry Park,pire_5pct,2026,2025,toutes,0.6,1.0,909111.5,938660.78557005,29549.285570050008,1073504.0,1116540.025341,43036.02534099994,39756.08800803123,48156.96989718496,1117269.8775,1162731.2274231454,178292.883938,19
Berry Park,moyenne,2025,2026,toutes,0.5,1.0,1117269.8775,1170797.757353929,53527.87985392916,954816.74625,956429.1304936309,1612.3842436310038,-71583.03008347498,66888.77593994977,954816.74625,956429.1304936309,472461.6829409999,48
Berry Park,moyenne,2026,2025,toutes,0.6,1.0,954816.74625,990211.5100860519,35394.76383605192,1117269.8775,1162731.2274231454,45461.3499231455,19182.76482487498,77729.21108537505,1117269.8775,1162731.2274231454,178292.883938,19
Time Out Market rooftop,trou_max,2025,2026,grosses,0.5,1.0,-128425.09457150254,-127436.15069896093,988.9438725416112,-106431.75840049342,-106234.5876291699,197.17077132350016,-31222.782674999995,13571.536796999993,2122305.44075,2136687.040497725,501657.686082,18
Time Out Market rooftop,trou_max,2026,2025,grosses,0.0,1.0,-106431.75840049342,-104579.7836552664,1851.974745227024,-128425.09457150254,-128357.98529553716,67.10927596537529,-17353.531187999994,15728.168925000005,2473534.28575,2477795.6804914675,266082.96766275,23
Time Out Market rooftop,pire_5pct,2025,2026,toutes,0.5,1.0,2390379.475,2491898.7775880126,101519.30258801254,2019335.0,2042089.7321354,22754.732135399943,14022.114812280017,28293.998458353813,2122305.44075,2149856.8125841734,963279.2796179999,55
Time Out Market rooftop,pire_5pct,2026,2025,toutes,0.6,1.0,2019335.0,2094888.6122708,75553.61227079993,2390379.475,2468635.2693028003,78255.7943028002,73620.27066218264,84137.52945438409,2473534.28575,2553048.0422514477,321467.026239,19
Time Out Market rooftop,moyenne,2025,2026,toutes,0.5,1.0,2473534.28575,2570275.7981729107,96741.51242291089,2122305.44075,2149856.8125841734,27551.371834173005,-103514.64519202491,155829.4351430252,2122305.44075,2149856.8125841734,963279.2796179999,55
Time Out Market rooftop,moyenne,2026,2025,toutes,0.0,1.0,2122305.44075,2220273.96234023,97968.52159023006,2473534.28575,2474919.9419858707,1385.6562358709978,-125295.18763852512,135699.50151193122,2473534.28575,2474919.9419858707,559717.5427267499,71
Sultan Room Rooftop,trou_max,2025,2026,grosses,0.5,1.0,-35039.369117005815,-34591.57512778019,447.7939892256254,-28753.101971902408,-28670.777529859908,82.32444204249995,-11754.388625,5109.253694999999,600246.3345,601561.021316625,176843.933525,17
Sultan Room Rooftop,trou_max,2026,2025,grosses,0.0,1.0,-28753.101971902408,-28196.890467456782,556.2115044456259,-35039.369117005815,-34910.52517899895,128.84393800687505,-7013.53855125,5921.1573750000025,703618.51275,710714.2493590931,100171.80854625,23
Sultan Room Rooftop,pire_5pct,2025,2026,toutes,0.5,1.0,674948.5,708763.8218511374,33815.32185113744,568994.5,564144.41174095,-4850.0882590500405,-8203.066595999995,-1652.2569781249665,600246.3345,602226.033475865,311711.922781,48
Sultan Room Rooftop,pire_5pct,2026,2025,toutes,0.6,1.0,568994.5,588175.7482261499,19181.24822614994,674948.5,704612.3534115,29663.853411499993,27479.41986100003,32308.04842446378,703618.51275,733423.9865827069,116868.567367,19
Sultan Room Rooftop,moyenne,2025,2026,toutes,0.5,1.0,703618.51275,739010.9186165178,35392.4058665178,600246.3345,602226.033475865,1979.6989758650034,-44282.21871982498,45821.50007717498,600246.3345,602226.033475865,311711.922781,48
Sultan Room Rooftop,moyenne,2026,2025,toutes,0.6,1.0,600246.3345,623966.734900151,23720.400400151033,703618.51275,733423.9865827069,29805.473832706994,12572.544844999973,50446.37297097503,703618.51275,733423.9865827069,116868.567367,19
Eagle NYC,trou_max,2025,2026,grosses,0.5,1.0,-72800.80115459436,-72151.48984930488,649.3113052894769,-60184.65023919171,-60134.775991432725,49.87424775899983,-16006.700945199998,8222.236959999942,1204226.42,1213173.352419866,303525.60170800006,18
Eagle NYC,trou_max,2026,2025,grosses,0.0,1.0,-60184.65023919171,-59634.57458171423,550.0756574774787,-72800.80115459436,-72614.44690809463,186.35424649974996,-10499.671671999997,9516.253949999998,1408080.807,1409961.6085389433,160992.23654849996,23
Eagle NYC,pire_5pct,2025,2026,toutes,0.5,1.0,1355861.0,1418386.4925009124,62525.4925009124,1145666.0,1158931.3157022002,13265.315702200169,7724.9005314025735,19022.467884149944,1204226.42,1221801.2514301983,582819.258748,55
Eagle NYC,pire_5pct,2026,2025,toutes,0.6,1.0,1145666.0,1190711.1772738001,45045.17727380013,1355861.0,1403260.3369230002,47399.33692300017,43548.29682924993,51843.948263081285,1408080.807,1456225.6022318525,194498.924159,19
Eagle NYC,moyenne,2025,2026,toutes,0.5,1.0,1408080.807,1466196.7779532666,58115.9709532666,1204226.42,1221801.2514301983,17574.831430198505,-60280.459977424965,94268.17423225004,1204226.42,1221801.2514301983,582819.258748,55
Eagle NYC,moyenne,2026,2025,toutes,0.0,1.0,1204226.42,1265235.080412201,61008.66041220096,1408080.807,1408871.7161077799,790.9091077801187,-76512.12429753135,86421.10660398118,1408080.807,1408871.7161077799,338649.1647585,71
City Vineyard (Pier 26),trou_max,2025,2026,grosses,0.5,1.0,-63040.41516556294,-62622.820070867936,417.59509469500335,-53006.256118421035,-52857.25227518104,149.00384324,-11329.819319999995,6147.567880000002,1006146.5,1012916.74023622,215837.97448,18
City Vineyard (Pier 26),trou_max,2026,2025,grosses,0.0,1.0,-53006.256118421035,-52252.45718381605,753.7989346049872,-63040.41516556294,-63159.863213992925,-119.44804843000003,-8015.472630000004,6767.036999999997,1165748.61,1168050.7879848853,114482.06691000002,23
City Vineyard (Pier 26),pire_5pct,2025,2026,toutes,0.5,1.0,1127130.0,1178442.212848,51312.212847999996,961469.0,970056.126176,8587.12617599999,5870.406814699969,13159.156031250051,1006146.5,1020932.90593902,491683.5616799999,55
City Vineyard (Pier 26),pire_5pct,2026,2025,toutes,0.6,1.0,961469.0,996317.832628,34848.832627999946,1127130.0,1166274.7346780002,39144.73467800021,34898.81116914989,42577.00071199996,1165748.61,1206538.1667171002,167857.96244,19
City Vineyard (Pier 26),moyenne,2025,2026,toutes,0.5,1.0,1165748.61,1215310.072211185,49561.4622111849,1006146.5,1020932.90593902,14786.405939020004,-45287.82650500003,76620.15762299998,1006146.5,1020932.90593902,491683.5616799999,55
City Vineyard (Pier 26),moyenne,2026,2025,toutes,0.0,1.0,1006146.5,1058218.52315801,52072.023158010095,1165748.61,1167414.224757735,1665.6147577349982,-62847.78899499989,66744.24900999988,1165748.61,1167414.224757735,289945.69970999996,71
Bar 13,trou_max,2025,2026,grosses,0.5,1.0,-26735.377175496684,-26469.648472761684,265.7287027349994,-22062.171740131573,-21996.552211751572,65.61952837999995,-6638.520732000001,3602.065988000002,441217.46375,445410.835683336,126466.70064800001,18
Bar 13,trou_max,2026,2025,grosses,0.0,1.0,-22062.171740131573,-21622.10916483558,440.06257529599316,-26735.377175496684,-26763.96013824168,-28.58296274499999,-4374.783632000002,3965.0337,516756.33475,517534.42941682006,67078.878591,23
Bar 13,pire_5pct,2025,2026,toutes,0.5,1.0,495978.7,521675.66677114996,25696.96677114995,416925.0,421660.93702665,4735.937026650005,3174.6628748575035,6677.94967165002,441217.46375,448773.2791885315,242831.56194400002,55
Bar 13,pire_5pct,2026,2025,toutes,0.6,1.0,416925.0,435163.55007134995,18238.55007134995,495978.7,515342.01565045,19363.315650450008,17787.089967714983,21219.475200668727,516756.33475,536900.6270396814,81037.68654699999,19
Bar 13,moyenne,2025,2026,toutes,0.5,1.0,516756.33475,541395.2345324664,24638.89978246641,441217.46375,448773.2791885315,7555.815438531502,-24113.14739184998,39258.55908115,441217.46375,448773.2791885315,242831.56194400002,55
Bar 13,moyenne,2026,2025,toutes,0.0,1.0,441217.46375,467156.12338439014,25938.659634390147,516756.33475,517076.55596925627,320.2212192562489,-35154.79940326247,36616.48658804373,516756.33475,517076.55596925627,141097.830645,71
Watermark (Pier 15),trou_max,2025,2026,grosses,0.5,1.0,-240523.4280318709,-238499.96420255213,2023.46382931876,-198859.98441611844,-198254.05150084343,605.9329152749998,-52483.72185,28477.704150000005,4002419.295,4034088.8263556994,999837.6758999999,18
Watermark (Pier 15),trou_max,2026,2025,grosses,0.0,1.0,-198859.98441611844,-195792.14780252462,3067.8366135938268,-240523.4280318709,-240549.89756692093,-26.46953504999989,-34586.76059999998,31347.303749999992,4688821.22,4694461.694437719,530321.3393625001,23
Watermark (Pier 15),pire_5pct,2025,2026,toutes,0.5,1.0,4515260.0,4718239.56966875,202979.56966875028,3813390.0,3844586.170152,31196.17015200015,13946.333298187481,46610.42760753748,4002419.295,4057948.6027164003,1868751.27558,55
Watermark (Pier 15),pire_5pct,2026,2025,toutes,0.6,1.0,3813390.0,3947561.780778,134171.78077800013,4515260.0,4668232.9057115,152972.90571149997,139185.14740514985,166974.8619538124,4688821.22,4842906.653631605,621145.01799,19
Watermark (Pier 15),moyenne,2025,2026,toutes,0.5,1.0,4688821.22,4876684.977378289,187863.75737828948,4002419.295,4057948.6027164003,55529.307716400006,-200918.52510974993,314385.5198924997,4002419.295,4057948.6027164003,1868751.27558,55
Watermark (Pier 15),moyenne,2026,2025,toutes,0.0,1.0,4002419.295,4198251.47578578,195832.18078577984,4688821.22,4689735.877785256,914.6577852562375,-251026.69939593758,267134.9084538745,4688821.22,4689735.877785256,1083031.7826825,71
