nom,contrat,chargement,execution,seuil,couvertes,engagement,gain_moyen,ic_bas,ic_haut,pire5_sans,pire5_avec,ederington_e,R_saison
230 Fifth,reel,0.0,mid,0.4,10.5665,256558.59599868,-3571.475998680002,-80885.45617200018,68429.6762220001,5612700.0,5618543.091534,0.02531757999816442,8224800.0
230 Fifth,reel,0.0,mid,0.5,8.617,226495.97569008,6701.944309920009,-64806.3146880002,65274.41620799986,5612700.0,5630687.165639999,0.04373613725977632,8224800.0
230 Fifth,reel,0.0,quart_spread,0.4,10.5665,280473.05759868,-27485.93759867999,-115149.84490800044,47097.06062400035,5612700.0,5593252.2267660005,0.010975700000678601,8224800.0
230 Fifth,reel,0.0,quart_spread,0.5,8.617,238572.35569007997,-5374.435690079997,-82633.68792000038,53891.6534640003,5612700.0,5614488.1250640005,0.027006227109961922,8224800.0
230 Fifth,parfait,0.0,mid,0.1,11.4705,90965.63171487857,20168.52828512143,-67838.75322559706,120955.2984510304,5612700.0,5675702.761682752,0.2426782264994598,8224800.0
230 Fifth,parfait,0.0,mid,0.2,7.201,68436.74275137874,27429.097248621256,-52398.500631325995,119863.38266578298,5612700.0,5672521.480491463,0.19253540103396283,8224800.0
230 Fifth,parfait,0.0,mid,0.3,1.452,16062.406915648113,5283.433084351812,-22564.587015771307,44457.03206742834,5612700.0,5629122.0,0.03961465053765911,8224800.0
230 Fifth,parfait,0.0,quart_spread,0.1,11.4705,117703.07651487857,-6568.916514878558,-98291.74219832612,95269.73009754867,5612700.0,5645289.919067752,0.22906639861734923,8224800.0
230 Fifth,parfait,0.0,quart_spread,0.2,7.201,77714.23435137873,18151.605648621255,-64366.993197719916,107241.72690661691,5612700.0,5661208.848782057,0.1788948202465882,8224800.0
230 Fifth,parfait,0.0,quart_spread,0.3,1.452,16328.401915648114,5017.4380843518675,-22813.61658793739,43877.432067428716,5612700.0,5628387.018804583,0.038872085464717765,8224800.0
230 Fifth,parfait,0.1,mid,0.1,11.6975,100763.70843475533,10370.451565244683,-77755.84670125824,111304.29540388615,5612700.0,5663973.942199369,0.23604233439138633,8224800.0
230 Fifth,parfait,0.1,mid,0.2,7.6525,78468.13344717582,17397.706552824176,-63619.28778792247,108786.49416108112,5612700.0,5659728.253193033,0.1852272519605399,8224800.0
230 Fifth,parfait,0.1,mid,0.3,4.4915,50638.70547882783,12736.414521172162,-46470.05023524728,87357.96327058031,5612700.0,5652450.302181224,0.14816969543024083,8224800.0
230 Fifth,parfait,0.1,quart_spread,0.1,11.6975,127588.92123475531,-16454.7612347553,-109555.14011604746,84864.74603309881,5612700.0,5633111.533150218,0.2220659128371001,8224800.0
230 Fifth,parfait,0.1,quart_spread,0.2,7.6525,89412.38904717582,6453.450952824182,-77355.35261474786,95960.99688409174,5612700.0,5646997.753193032,0.1713195240869041,8224800.0
230 Fifth,parfait,0.1,quart_spread,0.3,4.4915,56822.54067882783,6552.579321172167,-56244.37326317052,78029.14960979373,5612700.0,5644461.675670086,0.13328430776951994,8224800.0
Elsewhere Rooftop,reel,0.0,mid,0.4,12.1565,78371.62902967501,-6663.206529674999,-33883.22671790629,15897.482291390636,882035.5,876050.180153,0.0013888553487038102,1627546.0
Elsewhere Rooftop,reel,0.0,mid,0.5,10.1635,70329.76507854,-3433.575078539999,-28725.09048393752,15508.497364874982,882035.5,877875.483237625,-0.007871141250207936,1627546.0
Elsewhere Rooftop,reel,0.0,quart_spread,0.4,12.1565,86412.58801717499,-14704.165517174999,-43979.167117968784,10255.431267281248,882035.5,866586.3391162499,-0.04305918406903131,1627546.0
Elsewhere Rooftop,reel,0.0,quart_spread,0.5,10.1635,75055.32020978999,-8159.130209789997,-36635.53438012496,12827.673019125035,882035.5,872527.7083480001,-0.038176607863127154,1627546.0
Elsewhere Rooftop,parfait,0.0,mid,0.1,13.1265,27731.37869480769,4309.1163051923095,-19514.05191362107,31932.743181667953,882035.5,896215.9578248925,0.2668708488196384,1627546.0
Elsewhere Rooftop,parfait,0.0,mid,0.2,8.727,21616.00650967159,5335.134740328407,-16031.85031160999,28802.193239349603,882035.5,893838.5986056485,0.1756576661414948,1627546.0
Elsewhere Rooftop,parfait,0.0,mid,0.3,0.9245,2769.174593856273,-402.6470938562775,-5993.718426064239,5800.640786967825,882035.5,882056.0728263162,0.002448533503042083,1627546.0
Elsewhere Rooftop,parfait,0.0,quart_spread,0.1,13.1265,36678.67812605769,-4638.183126057689,-28693.65356074805,22357.398360591997,882035.5,885244.5358365688,0.23287523108441188,1627546.0
Elsewhere Rooftop,parfait,0.0,quart_spread,0.2,8.727,25400.987925296595,1550.1533247034079,-19387.216878219617,24511.631580205652,882035.5,889266.2156043755,0.15538382328463662,1627546.0
Elsewhere Rooftop,parfait,0.0,quart_spread,0.3,0.9245,2798.910143856273,-432.3826438562843,-6081.693426064332,5778.647036967799,882035.5,882013.1532869679,0.0026963159830903916,1627546.0
Elsewhere Rooftop,parfait,0.1,mid,0.1,13.5705,30904.558946456287,1135.9360535437143,-23022.53755368576,28792.56745193774,882035.5,893031.3075133758,0.26152050483735345,1627546.0
Elsewhere Rooftop,parfait,0.1,mid,0.2,9.32,24888.593812750067,2062.547437249931,-19416.399281030346,26025.72048020236,882035.5,889872.974181881,0.1721169592587397,1627546.0
Elsewhere Rooftop,parfait,0.1,mid,0.3,5.144,15189.23496094216,1789.940039057839,-14885.518951855018,20924.02838163631,882035.5,887916.7404586322,0.14623018577027347,1627546.0
Elsewhere Rooftop,parfait,0.1,quart_spread,0.1,13.5705,39896.54967770629,-7856.054677706286,-32294.262186941112,19312.28792121045,882035.5,881703.2022226938,0.2275663359424548,1627546.0
Elsewhere Rooftop,parfait,0.1,quart_spread,0.2,9.32,29189.10872837507,-2237.967478375069,-24420.526072838213,21872.67052565384,882035.5,884606.4619895603,0.1522664528530091,1627546.0
Elsewhere Rooftop,parfait,0.1,quart_spread,0.3,5.144,17882.61157969216,-903.4365796921593,-17663.597247393776,18192.239771554316,882035.5,884901.7464766285,0.12444883500952508,1627546.0
The Rooftop at Pier 17,reel,0.0,mid,0.4,12.068,749226.0737520643,-57800.193552064346,-308439.7973896273,166973.51108263488,10677430.0,10650015.69597802,-0.029319879109148905,21504048.0
The Rooftop at Pier 17,reel,0.0,mid,0.5,10.097,672495.2264484233,-27501.113048423387,-252585.8892465292,150961.64681141934,10677430.0,10656996.17734468,-0.032804793613606664,21504048.0
The Rooftop at Pier 17,reel,0.0,quart_spread,0.4,12.068,826021.5209595643,-134595.64075956435,-400789.08697018435,106786.13442032177,10677430.0,10556926.979980646,-0.0611761241446489,21504048.0
The Rooftop at Pier 17,reel,0.0,quart_spread,0.5,10.097,717618.2880114233,-72624.17461142335,-320559.4768971597,119124.40292945929,10677430.0,10609808.38056238,-0.05502553337895022,21504048.0
The Rooftop at Pier 17,parfait,0.0,mid,0.1,13.034,265126.2367916604,47460.56620833957,-178538.5894862841,296108.0665655678,10677430.0,10835120.348143734,0.17241051519818895,21504048.0
The Rooftop at Pier 17,parfait,0.0,mid,0.2,8.7025,207182.63692284326,57444.480077156695,-147348.41137001268,275891.73963337013,10677430.0,10825364.995344443,0.10021741890002445,21504048.0
The Rooftop at Pier 17,parfait,0.0,mid,0.3,0.8835,25535.66211961036,-1683.1457196105337,-57831.56491792202,55968.61754103936,10677430.0,10677430.0,0.00481890132327456,21504048.0
The Rooftop at Pier 17,parfait,0.0,quart_spread,0.1,13.034,350720.05816466035,-38133.25516466037,-262790.86970797967,204824.54410828545,10677430.0,10731771.794448692,0.1442829520570691,21504048.0
The Rooftop at Pier 17,parfait,0.0,quart_spread,0.2,8.7025,243599.74221084325,21027.374789156744,-183677.84637625638,238344.0920599902,10677430.0,10779856.536208088,0.08432060351378712,21504048.0
The Rooftop at Pier 17,parfait,0.0,quart_spread,0.3,0.8835,25806.761672110355,-1954.2452721103496,-58680.408917920664,55756.40654104017,10677430.0,10677430.0,0.004998535342088051,21504048.0
The Rooftop at Pier 17,parfait,0.1,mid,0.1,13.4805,295528.7257070744,17058.077292925565,-211233.29678032658,264460.99598773586,10677430.0,10803464.314990522,0.17023122272776914,21504048.0
The Rooftop at Pier 17,parfait,0.1,mid,0.2,9.2555,237873.4986622863,26753.618337713695,-176696.09765570416,249422.86827259985,10677430.0,10800034.30596763,0.09884789016472517,21504048.0
The Rooftop at Pier 17,parfait,0.1,mid,0.3,5.0805,144605.67640666908,21428.209993330904,-143956.43212732434,201590.33183087484,10677430.0,10784448.559411118,0.09931974081930617,21504048.0
The Rooftop at Pier 17,parfait,0.1,quart_spread,0.1,13.4805,381575.61756507447,-68988.81456507441,-294554.4152555572,176579.26069716865,10677430.0,10700120.02407756,0.14214388564625946,21504048.0
The Rooftop at Pier 17,parfait,0.1,quart_spread,0.2,9.2555,278856.0052987863,-14228.888298786305,-225277.9257434726,204799.3420625572,10677430.0,10736551.486802105,0.08408630900673841,21504048.0
The Rooftop at Pier 17,parfait,0.1,quart_spread,0.3,5.0805,170556.53517466906,-4522.648774669092,-170436.1955507791,170860.1094809007,10677430.0,10736198.850460144,0.08184887304805,21504048.0
Berry Park,reel,0.0,mid,0.4,10.715,46636.05090675078,-2202.2149567507877,-17516.17108759683,12053.865396133166,910653.0,906716.061923385,0.02805227865441995,1449948.0
Berry Park,reel,0.0,mid,0.5,8.637,40822.63813042486,172.73926957515027,-13194.58297913998,11388.846532522484,910653.0,909552.666679155,0.04933461419882401,1449948.0
Berry Park,reel,0.0,quart_spread,0.4,10.715,51529.99504987579,-7096.159099875787,-24128.120178594418,8221.885433789936,910653.0,900338.2852821712,0.009382189397886709,1449948.0
Berry Park,reel,0.0,quart_spread,0.5,8.637,43308.066049424844,-2312.6886494248483,-17233.534746832534,9162.413472652546,910653.0,906542.68600389,0.033072654820699876,1449948.0
Berry Park,parfait,0.0,mid,0.1,11.318,16317.471581192427,3155.030268807574,-12601.39101766303,22015.300797252017,910653.0,918569.1327328128,0.24544695513789794,1449948.0
Berry Park,parfait,0.0,mid,0.2,7.133,12206.621866268591,3890.9285837314105,-9988.763077295143,20384.472975635217,910653.0,918078.8603692227,0.1862719770513106,1449948.0
Berry Park,parfait,0.0,mid,0.3,1.281,2583.8415650287347,373.7771349712649,-4216.040705046279,8118.6433289079,910653.0,910653.0,0.022186514120306033,1449948.0
Berry Park,parfait,0.0,quart_spread,0.1,11.318,21595.051832942427,-2122.5499829424257,-18575.07322669735,16848.78241013181,910653.0,912816.2361485111,0.2327845434947513,1449948.0
Berry Park,parfait,0.0,quart_spread,0.2,7.133,14081.163924893592,2016.38652510641,-12067.267741155007,18513.34305271052,910653.0,915985.1172175244,0.17430103835592792,1449948.0
Berry Park,parfait,0.0,quart_spread,0.3,1.281,2634.768251028735,322.85044897126113,-4337.762742546294,8012.7980789078865,910653.0,910653.0,0.02212321546041851,1449948.0
Berry Park,parfait,0.1,mid,0.1,11.6125,18125.221934270765,1347.2799157292332,-14558.825096475604,20060.837178427686,910653.0,916586.2556885576,0.24168234119595788,1449948.0
Berry Park,parfait,0.1,mid,0.2,7.695,14159.200303735353,1938.350146264649,-12256.306615908736,18633.79515131685,910653.0,915954.1935882373,0.18030488586539828,1449948.0
Berry Park,parfait,0.1,mid,0.3,4.022,8261.463457784617,1222.2709422153841,-9811.295534992216,13826.146188298546,910653.0,913721.4187013548,0.12096592456949085,1449948.0
Berry Park,parfait,0.1,quart_spread,0.1,11.6125,23422.776696770765,-3950.2748467707675,-20443.790612541397,15107.189725816022,910653.0,910685.905558203,0.22880293900028115,1449948.0
Berry Park,parfait,0.1,quart_spread,0.2,7.695,16409.65176773535,-312.1013177353517,-14880.196374978357,16431.502762806052,910653.0,913196.4943512892,0.16737479803940525,1449948.0
Berry Park,parfait,0.1,quart_spread,0.3,4.022,9478.169727284616,5.564672715384222,-11270.994913768556,11857.422665991055,910653.0,912012.2017731486,0.11005341083842046,1449948.0
Time Out Market rooftop,reel,0.0,mid,0.4,10.632,84739.54233719676,-1810.1884871967727,-29322.50127506433,22611.96158913569,2029065.05,2025411.6955954588,0.010777726239124319,2948733.0
Time Out Market rooftop,reel,0.0,mid,0.5,8.55,74171.28731607944,2078.570283920549,-22336.23573263268,21613.560313274796,2029065.05,2030327.9692139602,0.04394506325940195,2948733.0
Time Out Market rooftop,reel,0.0,quart_spread,0.4,10.632,92879.36731019676,-9950.013460196771,-40363.07381969628,15897.164678561336,2029065.05,2016128.6560048924,-0.007360772280720518,2948733.0
Time Out Market rooftop,reel,0.0,quart_spread,0.5,8.55,78159.32826282945,-1909.470662829443,-28300.782968325155,17446.776046874806,2029065.05,2025553.322518025,0.026018677280910563,2948733.0
Time Out Market rooftop,parfait,0.0,mid,0.1,11.5205,30018.350470039044,6356.2776799609555,-22170.39092315318,40440.51756558764,2029065.05,2046366.1866774217,0.2169537091564564,2948733.0
Time Out Market rooftop,parfait,0.0,mid,0.2,7.164,22454.26252280315,8713.084877196852,-17603.845332428325,38790.60557508996,2029065.05,2046193.730967281,0.17378388324014948,2948733.0
Time Out Market rooftop,parfait,0.0,mid,0.3,1.4585,5312.754311069236,1650.2797389307698,-7429.758175818017,14766.424816085957,2029065.05,2034040.0047575703,0.03171108379722698,2948733.0
Time Out Market rooftop,parfait,0.0,quart_spread,0.1,11.5205,39082.236038539035,-2707.6078885390407,-32095.19720157229,31873.8426312975,2029065.05,2035667.6351224978,0.2011152789802223,2948733.0
Time Out Market rooftop,parfait,0.0,quart_spread,0.2,7.164,25502.43018905315,5664.917210946851,-21380.19384150896,35360.404067073396,2029065.05,2042365.5256615845,0.1590608756393066,2948733.0
Time Out Market rooftop,parfait,0.0,quart_spread,0.3,1.4585,5400.460186319236,1562.5738636807696,-7512.199239407864,14447.359901115065,2029065.05,2033929.5885950704,0.030904854017285488,2948733.0
Time Out Market rooftop,parfait,0.1,mid,0.1,11.7335,33233.529078755586,3141.099071244408,-25510.738677854613,36930.4014003394,2029065.05,2042213.5699066436,0.20960828037685697,2948733.0
Time Out Market rooftop,parfait,0.1,mid,0.2,7.626,25774.76821528659,5392.57918471341,-21172.464301845943,35624.43528979939,2029065.05,2042699.590797819,0.1664671543672489,2948733.0
Time Out Market rooftop,parfait,0.1,mid,0.3,4.4925,16682.07833295152,4196.118517048474,-16187.174901932987,28807.375351184113,2029065.05,2040145.2397152227,0.13219334245992087,2948733.0
Time Out Market rooftop,parfait,0.1,quart_spread,0.1,11.7335,42325.27768875559,-5950.649538755586,-35495.3493475434,28132.17798433678,2029065.05,2031924.9878664508,0.1935021053722431,2948733.0
Time Out Market rooftop,parfait,0.1,quart_spread,0.2,7.626,29395.81855378659,1771.5288462134065,-25634.986024608563,31509.290939392005,2029065.05,2037908.1151982,0.15161217278765982,2948733.0
Time Out Market rooftop,parfait,0.1,quart_spread,0.3,4.4925,18729.79377720152,2148.4030727984814,-18972.295396229012,26829.224887730077,2029065.05,2036482.2673166476,0.11717797426382248,2948733.0
Sultan Room Rooftop,reel,0.0,mid,0.4,10.655,31457.053668613124,-1464.3234186131249,-13245.940373071859,8083.077597918793,567681.0,567656.8596265188,0.063018443791787,957767.0
Sultan Room Rooftop,reel,0.0,mid,0.5,8.6485,27648.944058471752,163.7656915282496,-9888.561287325054,8396.10960509996,567681.0,569350.0992453251,0.07288109631514039,957767.0
Sultan Room Rooftop,reel,0.0,quart_spread,0.4,10.655,34734.83354986313,-4742.103299863124,-17078.808692596842,5565.774107512451,567681.0,563943.312062725,0.0490087526110109,957767.0
Sultan Room Rooftop,reel,0.0,quart_spread,0.5,8.6485,29347.625474721754,-1534.9157247217497,-12448.492543462507,6856.403002050055,567681.0,567451.3130438,0.05534780547355311,957767.0
Sultan Room Rooftop,parfait,0.0,mid,0.1,11.2745,11017.11403510541,2118.433214894592,-8606.662603789078,15205.420853374215,567681.0,575362.4674599246,0.2812175459326366,957767.0
Sultan Room Rooftop,parfait,0.0,mid,0.2,7.1195,8243.759618960565,2656.342881039434,-6743.948621355757,13908.746615401911,567681.0,574459.9902260537,0.20988334062968494,957767.0
Sultan Room Rooftop,parfait,0.0,mid,0.3,1.2265,1676.9207590828278,289.6137409171799,-2797.0685988300247,5413.931401169975,567681.0,567735.5397013618,0.012607109730472521,957767.0
Sultan Room Rooftop,parfait,0.0,quart_spread,0.1,11.2745,14562.90608823041,-1427.3588382304079,-12702.888377527875,11659.419155934198,567681.0,571697.4136852067,0.27158598955278546,957767.0
Sultan Room Rooftop,parfait,0.0,quart_spread,0.2,7.1195,9521.386087085564,1378.7164129144355,-8069.394394856994,12686.028381527247,567681.0,572674.6827507571,0.19678384272731186,957767.0
Sultan Room Rooftop,parfait,0.0,quart_spread,0.3,1.2265,1711.5352559578275,254.99924404217268,-2838.2912224360857,5393.403901170008,567681.0,567686.0,0.012470596022214786,957767.0
Sultan Room Rooftop,parfait,0.1,mid,0.1,11.567,12237.499390253033,898.0478597469654,-9802.156349270703,13768.531909742806,567681.0,573916.2283924551,0.27569658656202567,957767.0
Sultan Room Rooftop,parfait,0.1,mid,0.2,7.695,9577.386503370162,1322.7159966298366,-8397.340678337374,12554.732285803404,567681.0,572923.7726184985,0.20305565499899392,957767.0
Sultan Room Rooftop,parfait,0.1,mid,0.3,3.9715,5528.71192496102,890.2373250389815,-5838.357889529519,9384.280129462757,567681.0,571488.6677932058,0.12347694915933183,957767.0
Sultan Room Rooftop,parfait,0.1,quart_spread,0.1,11.567,15796.603527128033,-2661.0562771280333,-13989.358946731405,10598.793664589315,567681.0,570402.6280409315,0.26576128584378245,957767.0
Sultan Room Rooftop,parfait,0.1,quart_spread,0.2,7.695,11118.899115870163,-218.7966158701622,-10166.0020421735,11003.262618829034,567681.0,570955.3656736506,0.1895948608482655,957767.0
Sultan Room Rooftop,parfait,0.1,quart_spread,0.3,3.9715,6364.042614336019,54.90663566398021,-7181.365621245391,7926.717291867244,567681.0,570181.4969743367,0.11068309959914424,957767.0
Eagle NYC,reel,0.0,mid,0.4,10.532,50719.47407315985,-1011.934373159849,-17617.610346419948,13835.168484138783,1148641.5,1148449.824817965,0.024952409320564972,1784092.0
Eagle NYC,reel,0.0,mid,0.5,8.486,44429.7302980356,1173.7290019644001,-13630.39479049503,13303.403999130072,1148641.5,1149651.3981667801,0.05257597359707078,1784092.0
Eagle NYC,reel,0.0,quart_spread,0.4,10.532,55563.79003565985,-5856.250335659852,-24279.501410141307,9761.192990220023,1148641.5,1142550.8569544223,0.009056949101735046,1784092.0
Eagle NYC,reel,0.0,quart_spread,0.5,8.486,46792.13333053559,-1188.6740305355997,-17790.511558680108,11238.899469420056,1148641.5,1146786.53772433,0.03704938971061478,1784092.0
Eagle NYC,parfait,0.0,mid,0.1,11.417,17971.68975380087,4105.887446199132,-13509.390953942178,25377.405768177454,1148641.5,1158634.604961637,0.2296824513400656,1784092.0
Eagle NYC,parfait,0.0,mid,0.2,7.069,13394.471412081659,5463.184187918342,-11095.548057382315,23639.202151378744,1148641.5,1158116.4352575764,0.1790519148481371,1784092.0
Eagle NYC,parfait,0.0,mid,0.3,1.4305,3151.3548221688598,1140.774277831137,-4495.339916891884,8856.775029809913,1148641.5,1150167.8343806658,0.028202665108239544,1784092.0
Eagle NYC,parfait,0.0,quart_spread,0.1,11.417,23363.33465405087,-1285.7574540508706,-19653.880877935248,19785.20804453227,1148641.5,1152936.850847466,0.21565462354824327,1784092.0
Eagle NYC,parfait,0.0,quart_spread,0.2,7.069,15195.582066081657,3662.0735339183416,-12573.208513430285,21702.21120080831,1148641.5,1156485.6624618627,0.1674738200578907,1784092.0
Eagle NYC,parfait,0.0,quart_spread,0.3,1.4305,3203.8764941688596,1088.25260583114,-4545.220491087903,8741.306529809954,1148641.5,1149974.8370306657,0.027579181261115027,1784092.0
Eagle NYC,parfait,0.1,mid,0.1,11.649,19912.78012357825,2164.797076421748,-15431.886211462977,23041.094453797825,1148641.5,1156301.6188965735,0.22304812261346507,1784092.0
Eagle NYC,parfait,0.1,mid,0.2,7.532,15386.308396576453,3471.3472034235456,-12676.295343076094,21662.55044565057,1148641.5,1155185.0374443787,0.17249039178283576,1784092.0
Eagle NYC,parfait,0.1,mid,0.3,4.4525,9997.778212986079,2710.354987013921,-9456.589196341723,17698.90364612323,1148641.5,1154985.4402651927,0.1340887808611979,1784092.0
Eagle NYC,parfait,0.1,quart_spread,0.1,11.649,25323.130920828255,-3245.553720828247,-21633.24136401523,17576.209996269998,1148641.5,1150837.4515154022,0.2086855368674012,1784092.0
Eagle NYC,parfait,0.1,quart_spread,0.2,7.532,17527.003661326453,1330.6519386735438,-15100.739004231309,19600.539225993245,1148641.5,1153071.4403027745,0.16081621816417135,1784092.0
Eagle NYC,parfait,0.1,quart_spread,0.3,4.4525,11226.247584486078,1481.88561551392,-11716.05989784919,16037.934513908081,1148641.5,1152903.8142851198,0.12177831509084835,1784092.0
City Vineyard (Pier 26),reel,0.0,mid,0.4,10.476,35923.206540508494,-669.8645405085006,-12667.205446125012,9821.931837524991,958249.0,959141.84388965,0.02353405588657298,1500520.0
City Vineyard (Pier 26),reel,0.0,mid,0.5,8.441,31474.9880637,862.2759362999999,-9538.991774399992,9260.267971800018,958249.0,961739.4905892,0.04667148801448484,1500520.0
City Vineyard (Pier 26),reel,0.0,quart_spread,0.4,10.476,39347.6334155085,-4094.2914155084995,-17404.7355291,7403.341846874973,958249.0,955075.5030675001,0.009748668025925222,1500520.0
City Vineyard (Pier 26),reel,0.0,quart_spread,0.5,8.441,33148.694843699996,-811.4308436999987,-11672.719477499963,7641.4907877000405,958249.0,960161.0387968,0.034094907992726964,1500520.0
City Vineyard (Pier 26),parfait,0.0,mid,0.1,11.369,12736.35983362219,2728.472166377808,-9726.883488038948,17038.364804629535,958249.0,966388.9027142524,0.18171133688484764,1500520.0
City Vineyard (Pier 26),parfait,0.0,mid,0.2,7.0595,9515.188151476765,3763.171848523234,-7377.936337059463,17045.78685278918,958249.0,966724.4622066037,0.14174174248105853,1500520.0
City Vineyard (Pier 26),parfait,0.0,mid,0.3,1.433,2244.483559191343,709.1304408086627,-3196.6498272343306,6298.079542885767,958249.0,959862.1294854321,0.0187097456641675,1500520.0
City Vineyard (Pier 26),parfait,0.0,quart_spread,0.1,11.369,16554.59799862219,-1089.7659986221893,-14171.040210206638,13140.633639411344,958249.0,962622.9011726411,0.16951405781788842,1500520.0
City Vineyard (Pier 26),parfait,0.0,quart_spread,0.2,7.0595,10800.127541476766,2478.2324585232345,-8563.200367931562,15259.127807008295,958249.0,965185.3872380769,0.13104756708394405,1500520.0
City Vineyard (Pier 26),parfait,0.0,quart_spread,0.3,1.433,2282.0019641913427,671.6120358086598,-3231.8398272342747,6215.969542885665,958249.0,959849.226485432,0.018138211222186396,1500520.0
City Vineyard (Pier 26),parfait,0.1,mid,0.1,11.602,14112.939131802386,1351.8928681976138,-11034.373877795437,15635.042110176233,958249.0,964874.3558117576,0.17611880479792918,1500520.0
City Vineyard (Pier 26),parfait,0.1,mid,0.2,7.5145,10922.24811823054,2356.1118817694605,-8723.921502511706,15203.286513670688,958249.0,965294.175511929,0.137104111047741,1500520.0
City Vineyard (Pier 26),parfait,0.1,mid,0.3,4.4175,7054.996427721516,1798.807572278481,-6722.9493526131355,12653.380369835939,958249.0,964484.6647918638,0.11286155816327126,1500520.0
City Vineyard (Pier 26),parfait,0.1,quart_spread,0.1,11.602,17944.572956802385,-2479.7409568023863,-15560.043306162577,11736.535065495289,958249.0,961533.080214149,0.16368192358885425,1500520.0
City Vineyard (Pier 26),parfait,0.1,quart_spread,0.2,7.5145,12443.722958230539,834.637041769463,-10638.074736756738,13359.679603767681,958249.0,963426.5239858193,0.1267968334287427,1500520.0
City Vineyard (Pier 26),parfait,0.1,quart_spread,0.3,4.4175,7911.010772721516,942.7932272784826,-8220.713367011902,11642.656647332185,958249.0,962898.1421462259,0.10172884681242789,1500520.0
Bar 13,reel,0.0,mid,0.4,10.47,21010.29626938995,-486.14366938995,-7827.097694790001,6113.298976057482,418676.075,417659.07070649,0.006939473710809163,743342.0
Bar 13,reel,0.0,mid,0.5,8.4595,18437.321527911,499.1680720889999,-5434.0021893600015,5558.69359869,418676.075,419152.60409234004,0.04515820191727182,743342.0
Bar 13,reel,0.0,quart_spread,0.4,10.47,23023.153977889946,-2499.001377889949,-10377.031761180004,4180.754111084973,418676.075,415444.5914234,-0.00938196863472518,743342.0
Bar 13,reel,0.0,quart_spread,0.5,8.4595,19437.439249911,-500.9496499109991,-6917.497932629987,4586.123066880012,418676.075,417943.69119445997,0.0294869161102288,743342.0
Bar 13,parfait,0.0,mid,0.1,11.355,7446.835074715121,1677.7597252848789,-5648.0698414946455,10393.225973805611,418676.075,422183.93734016194,0.21005424085994684,743342.0
Bar 13,parfait,0.0,mid,0.2,7.034,5550.740188789128,2278.981411210871,-4238.515396814029,10173.836061982172,418676.075,422274.53448273364,0.16521021904511068,743342.0
Bar 13,parfait,0.0,mid,0.3,1.4185,1301.843668465679,486.5109315343225,-1873.0242338091484,3755.135861814837,418676.075,419273.1710655597,0.027297864214267165,743342.0
Bar 13,parfait,0.0,quart_spread,0.1,11.355,9685.893522715121,-561.2987227151214,-8194.716618382723,8034.5435645005,418676.075,419765.3981440947,0.19702234647385397,743342.0
Bar 13,parfait,0.0,quart_spread,0.2,7.034,6311.440392289128,1518.281207710871,-5155.419565499913,9252.696705039916,418676.075,421291.9957049224,0.15219895835686026,743342.0
Bar 13,parfait,0.0,quart_spread,0.3,1.4185,1323.8166494656791,464.5379505343204,-1899.8808181843153,3672.659861814871,418676.075,419265.2671155598,0.026619813985274243,743342.0
Bar 13,parfait,0.1,mid,0.1,11.599,8255.363476759278,869.2313232407225,-6542.03622622541,9450.6560030576,418676.075,421324.6423992797,0.20358071007660994,743342.0
Bar 13,parfait,0.1,mid,0.2,7.503,6381.442592928258,1448.2790070717417,-5159.010585471003,9363.310229722523,418676.075,421405.20376949327,0.15906874265769688,743342.0
Bar 13,parfait,0.1,mid,0.3,4.391,4109.00986423932,1148.8351357606793,-3969.326535066677,7403.5871566451915,418676.075,420543.1264850093,0.11900571526715642,743342.0
Bar 13,parfait,0.1,quart_spread,0.1,11.599,10502.587048759278,-1377.9922487592767,-9207.420556972223,7087.257998550032,418676.075,418842.12133520865,0.1901954176799976,743342.0
Bar 13,parfait,0.1,quart_spread,0.2,7.503,7286.733533928257,542.9880660717424,-6329.984698865334,8386.456299565185,418676.075,420052.5169805336,0.14625892265841756,743342.0
Bar 13,parfait,0.1,quart_spread,0.3,4.391,4624.93848223932,632.90651776068,-4810.49548403214,6742.203819117819,418676.075,419868.7271256523,0.10479670282940523,743342.0
Watermark (Pier 15),reel,0.0,mid,0.4,10.524,167134.06076822436,-3273.8957682243717,-59125.9508910002,44630.150996812656,3820635.0,3822232.977395437,0.03558654400553585,5723550.0
Watermark (Pier 15),reel,0.0,mid,0.5,8.516,146803.66504649998,3330.847453500006,-47010.546733499876,42278.41340099999,3820635.0,3830796.1393065,0.05765498435922789,5723550.0
Watermark (Pier 15),reel,0.0,quart_spread,0.4,10.524,183266.2668057244,-19406.101805724375,-81131.80064259397,31587.062399156133,3820635.0,3805106.114273625,0.01628314283545096,5723550.0
Watermark (Pier 15),reel,0.0,quart_spread,0.5,8.516,154948.06840274998,-4813.555902749995,-57605.749566750084,33816.38127524986,3820635.0,3818903.8166685,0.04260450940902294,5723550.0
Watermark (Pier 15),parfait,0.0,mid,0.1,11.4085,59218.85655913607,11767.653440863925,-44103.95129325076,79868.86714187165,3820635.0,3858755.949155526,0.2143133272501666,5723550.0
Watermark (Pier 15),parfait,0.0,mid,0.2,7.1165,44341.35971169892,16581.845288301072,-33618.60411315753,75106.4044478512,3820635.0,3856312.42073478,0.16069553340960896,5723550.0
Watermark (Pier 15),parfait,0.0,mid,0.3,1.3945,10124.123530621726,3264.6364693783275,-14808.010229100008,29174.927294250112,3820635.0,3834963.4848676203,0.03067354828645663,5723550.0
Watermark (Pier 15),parfait,0.0,quart_spread,0.1,11.4085,77139.88026538606,-6153.370265386062,-63707.495055552965,60889.62974832823,3820635.0,3839672.0996075193,0.19688499991380548,5723550.0
Watermark (Pier 15),parfait,0.0,quart_spread,0.2,7.1165,50606.228942948925,10316.976057051075,-41274.28293477748,66558.90139152735,3820635.0,3846379.899675105,0.1471812338862607,5723550.0
Watermark (Pier 15),parfait,0.0,quart_spread,0.3,1.3945,10292.596949371724,3096.163050628266,-15025.3602291001,28794.564794249833,3820635.0,3834900.9902547225,0.030011696176323932,5723550.0
Watermark (Pier 15),parfait,0.1,mid,0.1,11.6325,65594.74232980232,5391.767670197676,-51183.268753125216,72010.53747623865,3820635.0,3851117.6779320487,0.2074387047847146,5723550.0
Watermark (Pier 15),parfait,0.1,mid,0.2,7.582,50936.297061469275,9986.90793853072,-40295.19370490896,67095.37019004213,3820635.0,3848858.8473656042,0.15468986488034797,5723550.0
Watermark (Pier 15),parfait,0.1,mid,0.3,4.424,32708.013297789752,8588.48670221024,-32178.53945065404,62742.259987466656,3820635.0,3847102.755903604,0.12767127278228607,5723550.0
Watermark (Pier 15),parfait,0.1,quart_spread,0.1,11.6325,83574.66788605232,-12588.157886052328,-70473.58218317927,54546.52459757128,3820635.0,3832713.688241159,0.18969989683528987,5723550.0
Watermark (Pier 15),parfait,0.1,quart_spread,0.2,7.582,58320.16559896928,2603.0394010307286,-50407.815857512374,58784.034595865545,3820635.0,3839435.464423979,0.1414906879221235,5723550.0
Watermark (Pier 15),parfait,0.1,quart_spread,0.3,4.424,36935.79682278976,4360.703177210243,-38130.42535656623,54533.21397665676,3820635.0,3838309.4706875654,0.11337166065032445,5723550.0
