nom,regle_prix,chargement,objectif,saison_choix,saison_evaluation,critere,seuil,h,sans_OOS,avec_OOS,gain_OOS,ic_bas,ic_haut,gain_pct_R,moyenne_sans,moyenne_avec
230 Fifth,A,0.0,trou_max,2025,2026,grosses,0.0,1.0,-287402.48261278187,-285656.4537860271,1746.0288267548597,-36119.84794285713,86751.00300685663,0.02122883020565679,5898814.02,5958739.607915142
230 Fifth,A,0.0,trou_max,2026,2025,grosses,0.2,1.0,-350497.5996688742,-349369.1858128742,1128.4138559999994,-33607.19520000002,76792.80479999998,0.011885046511627901,6902613.26,6957302.167640533
230 Fifth,A,0.0,pire_5pct,2025,2026,toutes,0.1,1.0,5612700.0,5873521.933396363,260821.9333963627,235624.7637700166,280129.992275535,3.1711644465076683,5898814.02,6120750.710194646
230 Fifth,A,0.0,pire_5pct,2026,2025,toutes,0.2,1.0,6645620.0,6727561.349985333,81941.34998533316,57586.12751120024,107349.45665993326,0.8630492709948302,6902613.26,6984728.341317626
230 Fifth,A,0.0,moyenne,2025,2026,toutes,0.1,1.0,5898814.02,6120750.710194646,221936.69019464706,-305766.2918285526,796693.9447277744,2.698384036020901,5898814.02,6120750.710194646
230 Fifth,A,0.0,moyenne,2026,2025,toutes,0.2,1.0,6902613.26,6984728.341317626,82115.08131762665,-125487.3596186662,310287.4099726664,0.8648791004974159,6902613.26,6984728.341317626
230 Fifth,A,0.1,trou_max,2025,2026,grosses,0.2,1.0,-287402.48261278187,-284649.9126481223,2752.569964659599,-39649.00675371429,79770.74064706283,0.033466710007046964,5898814.02,6013375.250945917
230 Fifth,A,0.1,trou_max,2026,2025,grosses,0.2,1.0,-350497.5996688742,-347270.3447195188,3227.254949355332,-36896.42299200001,84785.87520000001,0.03399114161353358,6902613.26,7045126.7376687
230 Fifth,A,0.1,pire_5pct,2025,2026,toutes,0.2,1.0,5612700.0,5848661.698876162,235961.69887616206,209791.5120308604,258836.1725635972,2.868905005303011,5898814.02,6084687.813208569
230 Fifth,A,0.1,pire_5pct,2026,2025,toutes,0.2,0.8,6645620.0,6863814.525258469,218194.5252584694,193272.567682993,233553.303718198,2.298139168967701,6902613.26,7074419.25379596
230 Fifth,A,0.1,moyenne,2025,2026,toutes,0.2,1.0,5898814.02,6084687.813208569,185873.7932085678,-258652.38701608815,667633.6349928371,2.259918699647016,5898814.02,6084687.813208569
230 Fifth,A,0.1,moyenne,2026,2025,toutes,0.2,1.0,6902613.26,7117370.752244951,214757.49224495076,-64706.189287291236,529083.1303482718,2.2619385347673444,6902613.26,7117370.752244951
230 Fifth,A,0.25,trou_max,2025,2026,grosses,0.2,1.0,-287402.48261278187,-286609.4430255087,793.0395872732124,-44914.5088392857,77544.01593214285,0.009642053147471213,5898814.02,5927392.847728762
230 Fifth,A,0.25,trou_max,2026,2025,grosses,0.3,1.0,-350497.5996688742,-349879.6242838742,617.9753849999997,-41805.892500000016,67656.93416666664,0.006508840843023253,6902613.26,6917872.737975834
230 Fifth,A,0.25,pire_5pct,2025,2026,toutes,0.2,1.0,5612700.0,5684100.139427491,71400.13942749146,44084.43685407257,92917.75064425427,0.8681079105569919,5898814.02,5933932.101818234
230 Fifth,A,0.25,pire_5pct,2026,2025,toutes,0.3,0.7,6645620.0,6661587.649509167,15967.649509167299,-1861.3211581250653,37792.22570986984,0.1681796586321126,6902613.26,6913345.494100803
230 Fifth,A,0.25,moyenne,2025,2026,toutes,0.2,1.0,5898814.02,5933932.101818234,35118.081818233135,-440167.9974720133,524946.5797508976,0.4269779425424708,5898814.02,5933932.101818234
230 Fifth,A,0.25,moyenne,2026,2025,toutes,0.3,1.0,6902613.26,6917945.0230011465,15331.763001145835,-157766.5650770836,197287.0729031245,0.1614821684481993,6902613.26,6917945.0230011465
230 Fifth,B,0.0,trou_max,2025,2026,grosses,0.2,0.1,-287402.48261278187,-287402.48261278187,0.0,0.0,0.0,0.0,5898814.02,5898814.02
230 Fifth,B,0.0,trou_max,2026,2025,grosses,0.0,1.0,-350497.5996688742,-351223.71886159276,-726.1191927186097,-19328.51919271861,91071.48080728139,-0.007647868140362842,6902613.26,6808614.781171347
230 Fifth,B,0.0,pire_5pct,2025,2026,toutes,0.0,0.5,5612700.0,5939979.253015218,327279.2530152183,307959.2530152183,343977.2530152183,3.9791758220895135,5898814.02,5939979.253015218
230 Fifth,B,0.0,pire_5pct,2026,2025,toutes,0.0,0.5,6645620.0,6799813.674713098,154193.67471309844,137699.22471309843,169777.32471309826,1.6240486467085697,6902613.26,6799813.6747131
230 Fifth,B,0.0,moyenne,2025,2026,grosses,0.2,0.1,5898814.02,5898814.02,0.0,0.0,0.0,0.0,5898814.02,5898814.02
230 Fifth,B,0.0,moyenne,2026,2025,toutes,0.0,1.0,6902613.26,6697014.089426196,-205599.17057380313,-795612.6505738031,396707.3494261969,-2.1654782879782095,6902613.26,6697014.089426196
230 Fifth,B,0.1,trou_max,2025,2026,grosses,0.2,0.1,-287402.48261278187,-287402.48261278187,0.0,0.0,0.0,0.0,5898814.02,5898814.02
230 Fifth,B,0.1,trou_max,2026,2025,grosses,0.2,0.1,-350497.5996688742,-350497.5996688742,0.0,0.0,0.0,0.0,6902613.26,6902613.26
230 Fifth,B,0.1,pire_5pct,2025,2026,toutes,0.0,0.5,5612700.0,5874357.840784176,261657.84078417625,242337.84078417625,280977.84078417625,3.1813277013930583,5898814.02,5874357.840784177
230 Fifth,B,0.1,pire_5pct,2026,2025,toutes,0.0,0.5,6645620.0,6717701.20414721,72081.20414721034,55521.204147210345,91401.20414721034,0.7591970440176351,6902613.26,6717701.2041472085
230 Fifth,B,0.1,moyenne,2025,2026,grosses,0.2,0.1,5898814.02,5898814.02,0.0,0.0,0.0,0.0,5898814.02,5898814.02
230 Fifth,B,0.1,moyenne,2026,2025,grosses,0.2,0.1,6902613.26,6902613.26,0.0,0.0,0.0,0.0,6902613.26,6902613.26
230 Fifth,B,0.25,trou_max,2025,2026,grosses,0.3,0.1,-287402.48261278187,-287402.48261278187,0.0,0.0,0.0,0.0,5898814.02,5898814.02
230 Fifth,B,0.25,trou_max,2026,2025,grosses,0.2,0.1,-350497.5996688742,-351046.816732586,-549.2170637118886,-2409.4570637118886,8630.542936288111,-0.00578464214391524,6902613.26,6868906.54975069
230 Fifth,B,0.25,pire_5pct,2025,2026,grosses,0.0,0.3,5612700.0,5701536.688982939,88836.68898293935,66756.68898293935,106838.7889829393,1.0801075890348621,5898814.02,5858504.788982939
230 Fifth,B,0.25,pire_5pct,2026,2025,toutes,0.0,0.5,6645620.0,6594873.462603878,-50746.53739612177,-67306.53739612177,-39489.18739612178,-0.5344891451394692,6902613.26,6594873.46260388
230 Fifth,B,0.25,moyenne,2025,2026,grosses,0.3,0.1,5898814.02,5898814.02,0.0,0.0,0.0,0.0,5898814.02,5898814.02
230 Fifth,B,0.25,moyenne,2026,2025,grosses,0.2,0.1,6902613.26,6868906.54975069,-33706.710249307194,-89762.3102493072,31677.689750692807,-0.35501674933968647,6902613.26,6868906.54975069
Elsewhere Rooftop,A,0.0,trou_max,2025,2026,grosses,0.1,1.0,-42026.16330386512,-41222.75834130065,803.4049625644684,-9989.530710107145,24781.0096531875,0.04936296501385942,946600.65025,978592.3143802201
Elsewhere Rooftop,A,0.0,trou_max,2026,2025,grosses,0.2,1.0,-55605.87361629973,-55046.5222044039,559.3514118958332,-8926.911225000003,21103.573333333334,0.02957902086183394,1181680.304,1195103.9403888667
Elsewhere Rooftop,A,0.0,pire_5pct,2025,2026,toutes,0.1,0.9,882035.5,931275.5280741246,49240.028074124595,44662.13279018059,54194.90350580363,3.0254154459612566,946600.65025,984639.4072990036
Elsewhere Rooftop,A,0.0,pire_5pct,2026,2025,toutes,0.2,0.9,1131791.5,1154394.73273549,22603.23273548996,17913.691214068145,27304.682487709928,1.1952798874001125,1181680.304,1197269.5538348276
Elsewhere Rooftop,A,0.0,moyenne,2025,2026,toutes,0.1,1.0,946600.65025,988865.9358600039,42265.28561000389,-83542.58998110087,182486.49836348824,2.596871953849777,946600.65025,988865.9358600039
Elsewhere Rooftop,A,0.0,moyenne,2026,2025,toutes,0.2,1.0,1181680.304,1199001.692705364,17321.388705364003,-37849.90939241675,81296.63443690819,0.915971081820225,1181680.304,1199001.692705364
Elsewhere Rooftop,A,0.1,trou_max,2025,2026,grosses,0.1,1.0,-42026.16330386512,-41721.24462109132,304.91868277379217,-10964.5914388725,24331.437963749733,0.018734873409033733,946600.65025,956352.0085910601
Elsewhere Rooftop,A,0.1,trou_max,2026,2025,grosses,0.3,1.0,-55605.87361629973,-55551.012516366245,54.86109993350006,-9800.61235725,19303.99866808333,0.002901105789536031,1181680.304,1177857.599718323
Elsewhere Rooftop,A,0.1,pire_5pct,2025,2026,toutes,0.2,1.0,882035.5,914121.3623998193,32085.862399819307,28572.933573215385,37768.16665127575,1.9714258398729934,946600.65025,968837.3280479765
Elsewhere Rooftop,A,0.1,pire_5pct,2026,2025,toutes,0.1,0.5,1131791.5,1161132.1186322104,29340.61863221042,26064.299018754158,33343.7745131367,1.5515590953453902,1181680.304,1193628.518496315
Elsewhere Rooftop,A,0.1,moyenne,2025,2026,toutes,0.2,1.0,946600.65025,968837.3280479765,22236.677797976434,-82605.55016474676,124156.6180850336,1.3662703111295431,946600.65025,968837.3280479765
Elsewhere Rooftop,A,0.1,moyenne,2026,2025,toutes,0.2,1.0,1181680.304,1215591.6144143797,33911.3104143798,-31788.00391271658,101314.55104770667,1.793261511219471,1181680.304,1215591.6144143797
Elsewhere Rooftop,A,0.25,trou_max,2025,2026,grosses,0.2,1.0,-42026.16330386512,-42533.22439734586,-507.0610934807471,-12419.037415345978,20101.80579760045,-0.031154946986490524,946600.65025,928940.7707314132
Elsewhere Rooftop,A,0.25,trou_max,2026,2025,grosses,0.3,1.0,-55605.87361629973,-55443.12158710702,162.75202919270833,-11104.690195312498,18220.309804687495,0.008606478082321237,1181680.304,1183891.2778546289
Elsewhere Rooftop,A,0.25,pire_5pct,2025,2026,toutes,0.2,0.8,882035.5,878777.5487368569,-3257.951263143099,-7890.68543684014,2683.3053887622627,-0.20017567940587233,946600.65025,927730.4547811849
Elsewhere Rooftop,A,0.25,pire_5pct,2026,2025,toutes,0.3,0.5,1131791.5,1138224.2027038543,6432.702703854302,2103.9869148011435,10848.6045694242,0.3401672784383999,1181680.304,1182818.138995853
Elsewhere Rooftop,A,0.25,moyenne,2025,2026,toutes,0.2,1.0,946600.65025,923012.9059139811,-23587.744336018724,-129847.1488027805,82578.53106068556,-1.4492828058941944,946600.65025,923012.9059139811
Elsewhere Rooftop,A,0.25,moyenne,2026,2025,grosses,0.5,0.1,1181680.304,1181680.304,0.0,0.0,0.0,0.0,1181680.304,1181680.304
Elsewhere Rooftop,B,0.0,trou_max,2025,2026,grosses,0.2,0.1,-42026.16330386512,-42026.16330386512,0.0,0.0,0.0,0.0,946600.65025,946600.65025
Elsewhere Rooftop,B,0.0,trou_max,2026,2025,grosses,0.0,1.0,-55605.87361629973,-57059.7240268656,-1453.8504105658853,-5134.137910565885,24190.862089434115,-0.07688095660357894,1181680.304,1091570.9963822714
Elsewhere Rooftop,B,0.0,pire_5pct,2025,2026,grosses,0.0,0.1,882035.5,894634.5782991974,12599.078299197368,9533.385799197345,21138.57829919737,0.7741150357161867,946600.65025,951094.8372991979
Elsewhere Rooftop,B,0.0,pire_5pct,2026,2025,toutes,0.0,0.5,1131791.5,1121502.9498971112,-10288.55010288884,-13307.05010288884,-5731.629477888878,-0.5440680610779375,1181680.304,1121502.949897111
Elsewhere Rooftop,B,0.0,moyenne,2025,2026,grosses,0.2,0.1,946600.65025,946600.65025,0.0,0.0,0.0,0.0,946600.65025,946600.65025
Elsewhere Rooftop,B,0.0,moyenne,2026,2025,toutes,0.0,1.0,1181680.304,1061325.5957942226,-120354.70820577764,-237496.10020577756,2710.8997942223214,-6.364468470317547,1181680.304,1061325.5957942226
Elsewhere Rooftop,B,0.1,trou_max,2025,2026,grosses,0.2,0.1,-42026.16330386512,-42026.16330386512,0.0,0.0,0.0,0.0,946600.65025,946600.65025
Elsewhere Rooftop,B,0.1,trou_max,2026,2025,grosses,0.0,1.0,-55605.87361629973,-57566.95949184387,-1961.0858755441209,-5641.373375544121,23683.62662445588,-0.10370403791055408,1181680.304,1066716.4585983378
Elsewhere Rooftop,B,0.1,pire_5pct,2025,2026,grosses,0.2,0.1,882035.5,882035.5,0.0,-5822.0,5822.0,0.0,946600.65025,946600.65025
Elsewhere Rooftop,B,0.1,pire_5pct,2026,2025,toutes,0.0,0.5,1131791.5,1105148.2515010685,-26643.248498931527,-29661.748498931527,-23624.748498931527,-1.4089196637688726,1181680.304,1105148.2515010687
Elsewhere Rooftop,B,0.1,moyenne,2025,2026,grosses,0.2,0.1,946600.65025,946600.65025,0.0,0.0,0.0,0.0,946600.65025,946600.65025
Elsewhere Rooftop,B,0.1,moyenne,2026,2025,toutes,0.0,1.0,1181680.304,1028616.199002137,-153064.10499786306,-270205.49699786305,-29998.496997863054,-8.09417167569942,1181680.304,1028616.199002137
Elsewhere Rooftop,B,0.25,trou_max,2025,2026,grosses,0.3,0.1,-42026.16330386512,-42026.16330386512,0.0,0.0,0.0,0.0,946600.65025,946600.65025
Elsewhere Rooftop,B,0.25,trou_max,2026,2025,grosses,0.0,1.0,-55605.87361629973,-58325.706441784474,-2719.832825484764,-6400.120325484764,22924.879674515236,-0.1438272795505102,1181680.304,1029537.8580512467
Elsewhere Rooftop,B,0.25,pire_5pct,2025,2026,grosses,0.3,0.1,882035.5,882035.5,0.0,-5822.0,5822.0,0.0,946600.65025,946600.65025
Elsewhere Rooftop,B,0.25,pire_5pct,2026,2025,toutes,0.0,0.5,1131791.5,1080684.11525277,-51107.38474722998,-54125.88474722998,-45285.38474722998,-2.70260585292598,1181680.304,1080684.1152527703
Elsewhere Rooftop,B,0.25,moyenne,2025,2026,grosses,0.3,0.1,946600.65025,946600.65025,0.0,0.0,0.0,0.0,946600.65025,946600.65025
Elsewhere Rooftop,B,0.25,moyenne,2026,2025,grosses,0.2,0.1,1181680.304,1166466.059405125,-15214.244594875418,-25495.589594875462,-4894.77709487563,-0.8045433491328542,1181680.304,1166466.059405125
The Rooftop at Pier 17,A,0.0,trou_max,2025,2026,grosses,0.1,1.0,-567007.341375,-563375.5009416967,3631.8404333033195,-96385.94152986852,222094.56604464003,0.016889101220864646,11515380.502,11839446.425036063
The Rooftop at Pier 17,A,0.0,trou_max,2026,2025,grosses,0.2,1.0,-741427.4300625003,-736468.0982279563,4959.331834544001,-86133.04952400003,203621.95626666676,0.019917456060606065,14431730.833,14547797.128663765
The Rooftop at Pier 17,A,0.0,pire_5pct,2025,2026,toutes,0.1,0.9,10677430.0,11348411.130665384,670981.1306653842,518901.93272025243,701948.709970078,3.1202549895042284,11515380.502,12032825.466256179
The Rooftop at Pier 17,A,0.0,pire_5pct,2026,2025,toutes,0.2,1.0,13822756.0,14109053.879533535,286297.87953353487,254270.27075226605,426101.71199917316,1.1498172790404102,14431730.833,14632020.143498478
The Rooftop at Pier 17,A,0.0,moyenne,2025,2026,toutes,0.1,1.0,11515380.502,12090319.351173535,574938.8491735345,-1027992.9720957319,2284510.782722411,2.6736307934837873,11515380.502,12090319.351173535
The Rooftop at Pier 17,A,0.0,moyenne,2026,2025,toutes,0.2,1.0,14431730.833,14632020.143498478,200289.31049847874,-518737.14565423375,971172.6835527321,0.8043933486111114,14431730.833,14632020.143498478
The Rooftop at Pier 17,A,0.1,trou_max,2025,2026,grosses,0.1,1.0,-567007.341375,-568286.0546353698,-1278.7132603699067,-105794.00574411242,216099.63761538581,-0.005946383956964321,11515380.502,11625326.413608693
The Rooftop at Pier 17,A,0.1,trou_max,2026,2025,grosses,0.2,1.0,-741427.4300625003,-732878.5471834206,8548.882879079643,-94563.12584004004,211916.60046566662,0.03433365719255049,14431730.833,14672301.29732601
The Rooftop at Pier 17,A,0.1,pire_5pct,2025,2026,toutes,0.2,1.0,10677430.0,11203274.187246243,525844.1872462425,360487.07826561003,560218.2244604548,2.4453265136231215,11515380.502,11822017.797940578
The Rooftop at Pier 17,A,0.1,pire_5pct,2026,2025,toutes,0.3,1.0,13822756.0,13769046.471731173,-53709.528268827125,-95085.05671958812,87746.901960755,-0.2157059065656584,14431730.833,14341678.275905505
The Rooftop at Pier 17,A,0.1,moyenne,2025,2026,toutes,0.2,1.0,11515380.502,11822017.797940578,306637.29594057717,-962389.2038898809,1536869.0960268152,1.4259515042962012,11515380.502,11822017.797940578
The Rooftop at Pier 17,A,0.1,moyenne,2026,2025,toutes,0.2,1.0,14431730.833,14846782.086234948,415051.2532349485,-322827.9380168176,1197558.9397597534,1.6669110628219694,14431730.833,14846782.086234948
The Rooftop at Pier 17,A,0.25,trou_max,2025,2026,grosses,0.2,1.0,-567007.341375,-573568.2645735693,-6560.923198569379,-119827.51231363392,198740.25561565184,-0.03051017742598686,11515380.502,11360110.923162788
The Rooftop at Pier 17,A,0.25,trou_max,2026,2025,grosses,0.5,0.1,-741427.4300625003,-741427.4300625003,0.0,0.0,0.0,0.0,14431730.833,14431730.833
The Rooftop at Pier 17,A,0.25,pire_5pct,2025,2026,toutes,0.2,0.8,10677430.0,10702331.093746886,24901.093746885657,-125844.56265862449,65480.57698272914,0.11579723848684516,11515380.502,11276958.400998557
The Rooftop at Pier 17,A,0.25,pire_5pct,2026,2025,toutes,0.3,0.6,13822756.0,13916852.582668126,94096.58266812563,62846.012144121014,233805.4873176631,0.37790666429924497,14431730.833,14441343.833025962
The Rooftop at Pier 17,A,0.25,moyenne,2025,2026,toutes,0.2,1.0,11515380.502,11217352.875748195,-298027.6262518048,-1581894.2795903455,937350.284889809,-1.385914067210996,11515380.502,11217352.875748195
The Rooftop at Pier 17,A,0.25,moyenne,2026,2025,grosses,0.5,0.1,14431730.833,14431730.833,0.0,0.0,0.0,0.0,14431730.833,14431730.833
The Rooftop at Pier 17,B,0.0,trou_max,2025,2026,grosses,0.2,0.1,-567007.341375,-567007.341375,0.0,0.0,0.0,0.0,11515380.502,11515380.502
The Rooftop at Pier 17,B,0.0,trou_max,2026,2025,grosses,0.0,1.0,-741427.4300625003,-752908.6581978388,-11481.228135338339,-49537.73413533834,233410.26586466166,-0.0461104165917185,14431730.833,13552107.420368424
The Rooftop at Pier 17,B,0.0,pire_5pct,2025,2026,grosses,0.2,0.1,10677430.0,10677430.0,0.0,-141474.0,141474.0,0.0,11515380.502,11515380.502
The Rooftop at Pier 17,B,0.0,pire_5pct,2026,2025,toutes,0.0,0.5,13822756.0,13623731.698045112,-199024.3019548878,-199024.3019548878,-57550.30195488781,-0.7993128754901632,14431730.833,13623731.698045107
The Rooftop at Pier 17,B,0.0,moyenne,2025,2026,grosses,0.2,0.1,11515380.502,11515380.502,0.0,0.0,0.0,0.0,11515380.502,11515380.502
The Rooftop at Pier 17,B,0.0,moyenne,2026,2025,toutes,0.0,1.0,14431730.833,12815732.563090231,-1615998.2699097744,-2944580.6039097738,-115100.60390977375,-6.490103023707594,14431730.833,12815732.563090231
The Rooftop at Pier 17,B,0.1,trou_max,2025,2026,grosses,0.2,0.1,-567007.341375,-567007.341375,0.0,0.0,0.0,0.0,11515380.502,11515380.502
The Rooftop at Pier 17,B,0.1,trou_max,2026,2025,grosses,0.0,1.0,-741427.4300625003,-757802.8188234026,-16375.388760902271,-54431.89476090227,228516.10523909773,-0.06576613483469446,14431730.833,13312293.549715789
The Rooftop at Pier 17,B,0.1,pire_5pct,2025,2026,grosses,0.2,0.1,10677430.0,10677430.0,0.0,-141474.0,141474.0,0.0,11515380.502,11515380.502
The Rooftop at Pier 17,B,0.1,pire_5pct,2026,2025,toutes,0.0,0.5,13822756.0,13408388.630520301,-414367.36947969906,-414367.36947969906,-272893.36947969906,-1.664164478181098,14431730.833,13408388.630520307
The Rooftop at Pier 17,B,0.1,moyenne,2025,2026,grosses,0.2,0.1,11515380.502,11515380.502,0.0,0.0,0.0,0.0,11515380.502,11515380.502
The Rooftop at Pier 17,B,0.1,moyenne,2026,2025,toutes,0.0,1.0,14431730.833,12385046.4280406,-2046684.4049593986,-3375266.738959398,-545786.7389594,-8.21980622908947,14431730.833,12385046.4280406
The Rooftop at Pier 17,B,0.25,trou_max,2025,2026,grosses,0.3,0.1,-567007.341375,-567007.341375,0.0,0.0,0.0,0.0,11515380.502,11515380.502
The Rooftop at Pier 17,B,0.25,trou_max,2026,2025,grosses,0.2,0.1,-741427.4300625003,-743797.0607782896,-2369.6307157894507,-6175.281315789442,22119.51868421049,-0.009516809367917309,14431730.833,14283914.604526315
The Rooftop at Pier 17,B,0.25,pire_5pct,2025,2026,grosses,0.3,0.1,10677430.0,10677430.0,0.0,-141474.0,141474.0,0.0,11515380.502,11515380.502
The Rooftop at Pier 17,B,0.25,pire_5pct,2026,2025,toutes,0.0,0.5,13822756.0,13086268.221052632,-736487.7789473683,-736487.7789473683,-595013.7789473683,-2.9578506673382012,14431730.833,13086268.221052635
The Rooftop at Pier 17,B,0.25,moyenne,2025,2026,grosses,0.3,0.1,11515380.502,11515380.502,0.0,0.0,0.0,0.0,11515380.502,11515380.502
The Rooftop at Pier 17,B,0.25,moyenne,2026,2025,grosses,0.2,0.1,14431730.833,14283914.604526315,-147816.22847368434,-245999.18447368406,-19640.784473683685,-0.5936532044824986,14431730.833,14283914.604526315
Berry Park,A,0.0,trou_max,2025,2026,grosses,0.0,1.0,-46289.91099013159,-45693.729564657864,596.1814254737266,-6596.125492535713,16516.421607108576,0.04111743493378566,955066.2785,963916.0435896259
Berry Park,A,0.0,trou_max,2026,2025,grosses,0.2,1.0,-56067.85967005814,-55898.006213205364,169.85345685277775,-6137.270493000004,14023.729506999996,0.010164724238635325,1117730.9835,1127182.3324725397
Berry Park,A,0.0,pire_5pct,2025,2026,toutes,0.1,1.0,910653.0,950417.364221869,39764.36422186904,37024.95329979419,43226.9341645729,2.7424682969229957,955066.2785,995843.3901090903
Berry Park,A,0.0,pire_5pct,2026,2025,toutes,0.2,0.9,1073444.675,1091736.2425526301,18291.56755263009,15813.543591670157,22163.338688339954,1.0946420727015886,1117730.9835,1131853.5462269774
Berry Park,A,0.0,moyenne,2025,2026,toutes,0.0,1.0,955066.2785,971908.6835772188,16842.405077218697,-78360.69009882555,117841.79908002687,1.161586834646394,955066.2785,971908.6835772188
Berry Park,A,0.0,moyenne,2026,2025,toutes,0.2,1.0,1117730.9835,1133422.7198633081,15691.736363308111,-23899.80977985556,56449.720845030555,0.939057561228462,1117730.9835,1133422.7198633081
Berry Park,A,0.1,trou_max,2025,2026,grosses,0.0,1.0,-46289.91099013159,-46002.04010364701,287.8708864845848,-7240.612546753931,16156.495550487081,0.019853876586235147,955066.2785,951624.5431734631
Berry Park,A,0.1,trou_max,2026,2025,grosses,0.1,1.0,-56067.85967005814,-55614.45529724581,453.40437281233557,-6737.941883530002,15560.24651614111,0.027133568569189966,1117730.9835,1136443.887262082
Berry Park,A,0.1,pire_5pct,2025,2026,toutes,0.2,1.0,910653.0,937863.5532504392,27210.553250439232,24644.079355446018,31119.175357878325,1.876657180149856,955066.2785,980348.9033665538
Berry Park,A,0.1,pire_5pct,2026,2025,toutes,0.1,0.5,1073444.675,1100881.025179307,27436.35017930693,24986.26457969728,30722.472675356315,1.6419031961711117,1117730.9835,1133137.3689359121
Berry Park,A,0.1,moyenne,2025,2026,toutes,0.2,1.0,955066.2785,980348.9033665538,25282.62486655374,-54211.65995873219,107606.45073980815,1.7436918335384262,955066.2785,980348.9033665538
Berry Park,A,0.1,moyenne,2026,2025,toutes,0.2,1.0,1117730.9835,1158832.760246177,41101.77674617705,-11677.83738471145,102095.98091622624,2.459698107321807,1117730.9835,1158832.760246177
Berry Park,A,0.25,trou_max,2025,2026,grosses,0.2,1.0,-46289.91099013159,-46065.63231918432,224.27867094726963,-8202.186709319198,13820.03432857366,0.015468049264337041,955066.2785,955054.1269508118
Berry Park,A,0.25,trou_max,2026,2025,grosses,0.3,1.0,-56067.85967005814,-56048.69153280485,19.168137253298635,-7634.498176562498,12184.408855381946,0.001147099581947113,1117730.9835,1119388.9039457883
Berry Park,A,0.25,pire_5pct,2025,2026,toutes,0.2,1.0,910653.0,908656.310949755,-1996.6890502449824,-4114.376330764266,1864.8788375665529,-0.13770763160092517,955066.2785,956215.531341119
Berry Park,A,0.25,pire_5pct,2026,2025,toutes,0.3,0.6,1073444.675,1079243.6976841928,5799.022684192751,3076.807218430913,9242.621953509195,0.347037190355812,1117730.9835,1119219.0534700837
Berry Park,A,0.25,moyenne,2025,2026,toutes,0.2,1.0,955066.2785,956215.531341119,1149.2528411188975,-85819.87346920236,91276.78254865126,0.07926165911597502,955066.2785,956215.531341119
Berry Park,A,0.25,moyenne,2026,2025,toutes,0.3,1.0,1117730.9835,1120211.1001168063,2480.116616806167,-31387.75714949216,36060.22271365454,0.14842030275158102,1117730.9835,1120211.1001168063
Berry Park,B,0.0,trou_max,2025,2026,grosses,0.2,0.1,-46289.91099013159,-46289.91099013159,0.0,0.0,0.0,0.0,955066.2785,955066.2785
Berry Park,B,0.0,trou_max,2026,2025,grosses,0.0,1.0,-56067.85967005814,-56523.03792589509,-455.17825583695867,-3529.7307558369575,16631.269244163035,-0.027239724970778655,1117730.9835,1096394.9769639892
Berry Park,B,0.0,pire_5pct,2025,2026,toutes,0.0,0.5,910653.0,962791.0366247094,52138.03662470938,50596.53662470938,54866.03662470938,3.5958556185952446,955066.2785,962791.0366247093
Berry Park,B,0.0,pire_5pct,2026,2025,toutes,0.0,0.5,1073444.675,1099426.2394578552,25981.564457855187,24380.739457855234,28650.239457855234,1.5548428798321965,1117730.9835,1099426.2394578552
Berry Park,B,0.0,moyenne,2025,2026,grosses,0.2,0.1,955066.2785,955066.2785,0.0,0.0,0.0,0.0,955066.2785,955066.2785
Berry Park,B,0.0,moyenne,2026,2025,toutes,0.0,1.0,1117730.9835,1081121.4954157101,-36609.48808428975,-135060.52108428965,71295.47891571024,-2.19086121524718,1117730.9835,1081121.4954157101
Berry Park,B,0.1,trou_max,2025,2026,grosses,0.2,0.1,-46289.91099013159,-46289.91099013159,0.0,0.0,0.0,0.0,955066.2785,955066.2785
Berry Park,B,0.1,trou_max,2026,2025,grosses,0.0,1.0,-56067.85967005814,-56871.76338913219,-803.9037190740034,-3878.4562190740035,16282.543780925997,-0.048108880267790505,1117730.9835,1079307.429265374
Berry Park,B,0.1,pire_5pct,2025,2026,toutes,0.0,0.5,910653.0,951222.6537556335,40569.65375563351,39402.901880633486,43315.40375563351,2.798007497898787,955066.2785,951222.6537556334
Berry Park,B,0.1,pire_5pct,2026,2025,toutes,0.0,0.5,1073444.675,1084974.4913402454,11529.816340245306,9928.991340245353,14198.491340245353,0.6899912771412545,1117730.9835,1084974.4913402458
Berry Park,B,0.1,moyenne,2025,2026,grosses,0.2,0.1,955066.2785,955066.2785,0.0,0.0,0.0,0.0,955066.2785,955066.2785
Berry Park,B,0.1,moyenne,2026,2025,grosses,0.2,0.1,1117730.9835,1117730.9835,0.0,0.0,0.0,0.0,1117730.9835,1117730.9835
Berry Park,B,0.25,trou_max,2025,2026,grosses,0.3,0.1,-46289.91099013159,-46289.91099013159,0.0,0.0,0.0,0.0,955066.2785,955066.2785
Berry Park,B,0.25,trou_max,2026,2025,grosses,0.2,0.1,-56067.85967005814,-56200.41405648475,-132.55438642659212,-440.0096364265919,1576.0903635734066,-0.007932595601016638,1117730.9835,1111332.591365097
Berry Park,B,0.25,pire_5pct,2025,2026,grosses,0.0,0.1,910653.0,913709.2141072623,3056.21410726232,198.05585726225982,6258.814107262297,0.21078094574855924,955066.2785,952575.0019072624
Berry Park,B,0.25,pire_5pct,2026,2025,toutes,0.0,0.5,1073444.675,1063356.878687673,-10087.796312327031,-11688.621312326984,-7419.1213123269845,-0.6036949120158558,1117730.9835,1063356.8786876728
Berry Park,B,0.25,moyenne,2025,2026,grosses,0.3,0.1,955066.2785,955066.2785,0.0,0.0,0.0,0.0,955066.2785,955066.2785
Berry Park,B,0.25,moyenne,2026,2025,grosses,0.2,0.1,1117730.9835,1111332.591365097,-6398.392134903036,-15512.172184902942,4648.827815097058,-0.38290590504916705,1117730.9835,1111332.591365097
Time Out Market rooftop,A,0.0,trou_max,2025,2026,grosses,0.0,1.0,-106187.40523907427,-106187.38824979827,0.016989275992353215,-12015.601620479996,28533.015148680002,5.761551144967419e-07,2121116.55275,2141914.9641619218
Time Out Market rooftop,A,0.0,trou_max,2026,2025,grosses,0.2,1.0,-128483.77851986757,-128072.02177224855,411.7567476190004,-10940.956291999988,25285.283037,0.012133685760487484,2475723.03775,2492835.625735272
Time Out Market rooftop,A,0.0,pire_5pct,2025,2026,toutes,0.1,1.0,2029065.05,2124775.326363405,95710.27636340517,87259.50028836628,106908.0819106545,3.245810195884306,2121116.55275,2204317.2203608067
Time Out Market rooftop,A,0.0,pire_5pct,2026,2025,toutes,0.2,1.0,2388272.5,2421855.2282276503,33582.72822765028,26425.333339583558,37748.06626051541,0.9896189282882274,2475723.03775,2504879.1287467573
Time Out Market rooftop,A,0.0,moyenne,2025,2026,toutes,0.1,1.0,2121116.55275,2204317.2203608067,83200.66761080673,-90495.02004601454,273655.69928241783,2.8215734558132843,2121116.55275,2204317.2203608067
Time Out Market rooftop,A,0.0,moyenne,2026,2025,toutes,0.2,1.0,2475723.03775,2504879.1287467573,29156.09099675717,-41092.68278013321,109627.78225474167,0.8591743746872971,2475723.03775,2504879.1287467573
Time Out Market rooftop,A,0.1,trou_max,2025,2026,grosses,0.2,1.0,-106187.40523907427,-105704.34748642726,483.0577526470057,-13189.312811980795,25994.49656456249,0.016381874949241104,2121116.55275,2159700.2779809665
Time Out Market rooftop,A,0.1,trou_max,2026,2025,grosses,0.2,1.0,-128483.77851986757,-127452.01488603724,1031.7636338303087,-12012.050139319996,27917.131788,0.030404105784271426,2475723.03775,2520237.797070968
Time Out Market rooftop,A,0.1,pire_5pct,2025,2026,toutes,0.2,1.0,2029065.05,2114784.374256478,85719.32425647811,78573.13412026604,95533.35921481051,2.9069883321575096,2121116.55275,2191668.993703619
Time Out Market rooftop,A,0.1,pire_5pct,2026,2025,toutes,0.2,0.9,2388272.5,2467184.0215175617,78911.52151756175,72041.01995347373,84031.95800513239,2.3253719836110776,2475723.03775,2542324.999341613
Time Out Market rooftop,A,0.1,moyenne,2025,2026,toutes,0.2,1.0,2121116.55275,2191668.993703619,70552.44095361876,-80954.02769935883,235491.33428206158,2.3926357847122395,2121116.55275,2191668.993703619
Time Out Market rooftop,A,0.1,moyenne,2026,2025,toutes,0.2,1.0,2475723.03775,2549725.217296237,74002.17954623693,-22632.43474648052,188254.1014608864,2.180703042263342,2475723.03775,2549725.217296237
Time Out Market rooftop,A,0.25,trou_max,2025,2026,grosses,0.2,1.0,-106187.40523907427,-106408.05596117237,-220.65072209810143,-14940.38563199999,24918.01338614062,-0.007482899336701608,2121116.55275,2131009.5633188747
Time Out Market rooftop,A,0.25,trou_max,2026,2025,grosses,0.4,1.0,-128483.77851986757,-128483.77851986757,0.0,0.0,0.0,0.0,2475723.03775,2475723.03775
Time Out Market rooftop,A,0.25,pire_5pct,2025,2026,toutes,0.2,1.0,2029065.05,2052895.5631243684,23830.513124368386,17224.322436396655,32821.75614546307,0.8081611025606044,2121116.55275,2137030.2700022818
Time Out Market rooftop,A,0.25,pire_5pct,2026,2025,toutes,0.3,0.6,2388272.5,2397685.36873125,9412.868731250055,3262.4155105497457,15196.675297408094,0.27737928267149636,2475723.03775,2478716.887867307
Time Out Market rooftop,A,0.25,moyenne,2025,2026,toutes,0.2,1.0,2121116.55275,2137030.2700022818,15913.717252281594,-143236.13478111487,183928.8912919905,0.539679830363807,2121116.55275,2137030.2700022818
Time Out Market rooftop,A,0.25,moyenne,2026,2025,toutes,0.3,1.0,2475723.03775,2480712.7879455113,4989.750195511205,-51375.896970455906,65665.29033529929,0.14703841830343367,2475723.03775,2480712.7879455113
Time Out Market rooftop,B,0.0,trou_max,2025,2026,grosses,0.2,0.1,-106187.40523907427,-106187.40523907427,0.0,0.0,0.0,0.0,2121116.55275,2121116.55275
Time Out Market rooftop,B,0.0,trou_max,2026,2025,grosses,0.2,0.1,-128483.77851986757,-128483.77851986757,0.0,0.0,0.0,0.0,2475723.03775,2475723.03775
Time Out Market rooftop,B,0.0,pire_5pct,2025,2026,toutes,0.0,0.5,2029065.05,2138106.9997886056,109041.94978860556,103375.99978860561,116099.44978860556,3.6979255086372884,2121116.55275,2138106.999788605
Time Out Market rooftop,B,0.0,pire_5pct,2026,2025,toutes,0.0,0.5,2388272.5,2437402.730031658,49130.230031657964,44243.75503165787,51909.730031657964,1.4477741433303826,2475723.03775,2437402.730031658
Time Out Market rooftop,B,0.0,moyenne,2025,2026,grosses,0.2,0.1,2121116.55275,2121116.55275,0.0,0.0,0.0,0.0,2121116.55275,2121116.55275
Time Out Market rooftop,B,0.0,moyenne,2026,2025,toutes,0.0,1.0,2475723.03775,2399082.4223133163,-76640.6154366836,-273805.5399366836,123525.48506331621,-2.2584527140756285,2475723.03775,2399082.4223133163
Time Out Market rooftop,B,0.1,trou_max,2025,2026,grosses,0.2,0.1,-106187.40523907427,-106187.40523907427,0.0,0.0,0.0,0.0,2121116.55275,2121116.55275
Time Out Market rooftop,B,0.1,trou_max,2026,2025,grosses,0.2,0.1,-128483.77851986757,-128483.77851986757,0.0,0.0,0.0,0.0,2475723.03775,2475723.03775
Time Out Market rooftop,B,0.1,pire_5pct,2025,2026,grosses,0.0,0.3,2029065.05,2059781.3669685484,30716.316968548344,25782.404468548204,42348.8769685484,1.0416784757571589,2121116.55275,2119426.6580685484
Time Out Market rooftop,B,0.1,pire_5pct,2026,2025,toutes,0.0,0.5,2388272.5,2408053.982245825,19781.48224582523,14930.59662082527,22560.98224582523,0.5829225406394526,2475723.03775,2408053.9822458248
Time Out Market rooftop,B,0.1,moyenne,2025,2026,grosses,0.2,0.1,2121116.55275,2121116.55275,0.0,0.0,0.0,0.0,2121116.55275,2121116.55275
Time Out Market rooftop,B,0.1,moyenne,2026,2025,grosses,0.2,0.1,2475723.03775,2475723.03775,0.0,0.0,0.0,0.0,2475723.03775,2475723.03775
Time Out Market rooftop,B,0.25,trou_max,2025,2026,grosses,0.3,0.1,-106187.40523907427,-106187.40523907427,0.0,0.0,0.0,0.0,2121116.55275,2121116.55275
Time Out Market rooftop,B,0.25,trou_max,2026,2025,grosses,0.2,0.1,-128483.77851986757,-128713.69104272073,-229.91252285319038,-793.353022853189,2841.7469771468022,-0.006775083397741459,2475723.03775,2464479.1498344876
Time Out Market rooftop,B,0.25,pire_5pct,2025,2026,grosses,0.0,0.2,2029065.05,2045606.3188479398,16541.26884793979,10162.771222939755,24775.218847939745,0.5609619062810974,2121116.55275,2112526.3304979396
Time Out Market rooftop,B,0.25,pire_5pct,2026,2025,toutes,0.0,0.5,2388272.5,2364152.7284799167,-24119.771520083304,-29038.271520083304,-21340.271520083304,-0.7107636485176608,2475723.03775,2364152.7284799176
Time Out Market rooftop,B,0.25,moyenne,2025,2026,grosses,0.3,0.1,2121116.55275,2121116.55275,0.0,0.0,0.0,0.0,2121116.55275,2121116.55275
Time Out Market rooftop,B,0.25,moyenne,2026,2025,grosses,0.2,0.1,2475723.03775,2464479.1498344876,-11243.887915512498,-29555.704165512696,10430.395834487397,-0.33133592462511424,2475723.03775,2464479.1498344876
Sultan Room Rooftop,A,0.0,trou_max,2025,2026,grosses,0.0,1.0,-28675.536798930927,-28505.726246129474,169.81055280144346,-4477.356151249998,10753.509747724936,0.017729839595793495,599596.897,606082.9287900868
Sultan Room Rooftop,A,0.0,trou_max,2026,2025,grosses,0.2,1.0,-35103.73379784396,-35039.95726922591,63.77652861805555,-4212.839057777775,9519.108095,0.0057701433221346125,704609.62525,710341.4027213287
Sultan Room Rooftop,A,0.0,pire_5pct,2025,2026,toutes,0.1,0.9,567681.0,599927.9560089166,32246.956008916604,30107.385242786964,33857.33428080164,3.366889442726321,599596.897,624062.6214374992
Sultan Room Rooftop,A,0.0,pire_5pct,2026,2025,toutes,0.2,1.0,675048.5,687668.4939183445,12619.993918344495,10053.768636777764,15206.439517828472,1.1417864096902153,704609.62525,714403.7323180191
Sultan Room Rooftop,A,0.0,moyenne,2025,2026,toutes,0.0,1.0,599596.897,611006.9852660549,11410.08826605483,-50898.245726170615,83410.70693014798,1.1913219254844685,599596.897,611006.9852660549
Sultan Room Rooftop,A,0.0,moyenne,2026,2025,toutes,0.2,1.0,704609.62525,714403.7323180191,9794.107068019057,-16096.02524851944,38667.325804569395,0.8861159852905862,704609.62525,714403.7323180191
Sultan Room Rooftop,A,0.1,trou_max,2025,2026,grosses,0.2,1.0,-28675.536798930927,-28394.13873865109,281.3980602798278,-4914.824795512501,9888.248059375499,0.02938063853524164,599596.897,609306.8037568695
Sultan Room Rooftop,A,0.1,trou_max,2026,2025,grosses,0.2,1.0,-35103.73379784396,-34804.72768589631,299.00611194766196,-4625.056073244443,10509.91578,0.02705239933118263,704609.62525,719667.535740249
Sultan Room Rooftop,A,0.1,pire_5pct,2025,2026,toutes,0.2,1.0,567681.0,589132.0041500884,21451.00415008841,19321.071217892877,23139.46924519357,2.239689209388965,599596.897,616633.3427921858
Sultan Room Rooftop,A,0.1,pire_5pct,2026,2025,toutes,0.1,0.5,675048.5,691786.1902704131,16737.690270413063,15005.100630803121,19325.03632682106,1.514332526942197,704609.62525,714013.8684909549
Sultan Room Rooftop,A,0.1,moyenne,2025,2026,toutes,0.2,1.0,599596.897,616633.3427921858,17036.445792185805,-38744.20891507945,74297.20055837235,1.778767256773913,599596.897,616633.3427921858
Sultan Room Rooftop,A,0.1,moyenne,2026,2025,toutes,0.2,1.0,704609.62525,730268.1791205658,25658.553870565684,-9805.939525435457,65591.15749669174,2.3214423312146355,704609.62525,730268.1791205658
Sultan Room Rooftop,A,0.25,trou_max,2025,2026,grosses,0.2,1.0,-28675.536798930927,-28647.02031652037,28.516482410546946,-5567.527658203122,9612.226974921876,0.002977392456677558,599596.897,599928.8225588239
Sultan Room Rooftop,A,0.25,trou_max,2026,2025,grosses,0.3,1.0,-35103.73379784396,-35174.11773194206,-70.3839340980903,-5240.290611111108,8270.60340190972,-0.006367944385211986,704609.62525,705180.5892127253
Sultan Room Rooftop,A,0.25,pire_5pct,2025,2026,toutes,0.2,1.0,567681.0,570308.9588224088,2627.9588224088075,378.6884082862875,5016.980540009292,0.27438393914269416,599596.897,600718.9869273126
Sultan Room Rooftop,A,0.25,pire_5pct,2026,2025,toutes,0.3,0.6,675048.5,678662.0882495522,3613.58824955218,1370.6269112895884,6305.52512427861,0.3269372378664489,704609.62525,705268.6877795774
Sultan Room Rooftop,A,0.25,moyenne,2025,2026,toutes,0.2,1.0,599596.897,600718.9869273126,1122.0899273125785,-57164.93134661456,63390.76476072363,0.11715687921097495,599596.897,600718.9869273126
Sultan Room Rooftop,A,0.25,moyenne,2026,2025,toutes,0.3,1.0,704609.62525,705708.0627992958,1098.4375492957465,-20649.968692222268,24227.80528157116,0.09938048098868134,704609.62525,705708.0627992958
Sultan Room Rooftop,B,0.0,trou_max,2025,2026,grosses,0.2,0.1,-28675.536798930927,-28675.536798930927,0.0,0.0,0.0,0.0,599596.897,599596.897
Sultan Room Rooftop,B,0.0,trou_max,2026,2025,grosses,0.0,1.0,-35103.73379784396,-35351.11982277474,-247.3860249307455,-2395.9310249307455,11289.068975069255,-0.022382102799797833,704609.62525,688060.6125283933
Sultan Room Rooftop,B,0.0,pire_5pct,2025,2026,toutes,0.0,0.5,567681.0,605029.2352449454,37348.23524494539,36034.73524494539,38751.73524494539,3.8995115978046218,599596.897,605029.2352449454
Sultan Room Rooftop,B,0.0,pire_5pct,2026,2025,toutes,0.0,0.5,675048.5,691598.9169568658,16550.41695686581,15241.91695686581,19267.41695686581,1.497389085789259,704609.62525,691598.916956866
Sultan Room Rooftop,B,0.0,moyenne,2025,2026,grosses,0.2,0.1,599596.897,599596.897,0.0,0.0,0.0,0.0,599596.897,599596.897
Sultan Room Rooftop,B,0.0,moyenne,2026,2025,toutes,0.0,1.0,704609.62525,678588.2086637317,-26021.41658626826,-92486.16608626826,46785.83391373174,-2.3542721186181175,704609.62525,678588.2086637317
Sultan Room Rooftop,B,0.1,trou_max,2025,2026,grosses,0.2,0.1,-28675.536798930927,-28675.536798930927,0.0,0.0,0.0,0.0,599596.897,599596.897
Sultan Room Rooftop,B,0.1,trou_max,2026,2025,grosses,0.2,0.1,-35103.73379784396,-35103.73379784396,0.0,0.0,0.0,0.0,704609.62525,704609.62525
Sultan Room Rooftop,B,0.1,pire_5pct,2025,2026,toutes,0.0,0.5,567681.0,597387.7092347945,29706.709234794485,28343.334234794485,31110.209234794485,3.1016634771081573,599596.897,597387.7092347945
Sultan Room Rooftop,B,0.1,pire_5pct,2026,2025,toutes,0.0,0.5,675048.5,682039.8419200632,6991.341920063249,5582.841920063249,9708.341920063249,0.6325374830983185,704609.62525,682039.8419200631
Sultan Room Rooftop,B,0.1,moyenne,2025,2026,grosses,0.2,0.1,599596.897,599596.897,0.0,0.0,0.0,0.0,599596.897,599596.897
Sultan Room Rooftop,B,0.1,moyenne,2026,2025,grosses,0.2,0.1,704609.62525,704609.62525,0.0,0.0,0.0,0.0,704609.62525,704609.62525
Sultan Room Rooftop,B,0.25,trou_max,2025,2026,grosses,0.3,0.1,-28675.536798930927,-28675.536798930927,0.0,0.0,0.0,0.0,599596.897,599596.897
Sultan Room Rooftop,B,0.25,trou_max,2026,2025,grosses,0.2,0.1,-35103.73379784396,-35187.551579699946,-83.8177818559574,-298.6722818559574,1069.8277181440426,-0.007583363734779482,704609.62525,700059.8441890585
Sultan Room Rooftop,B,0.25,pire_5pct,2025,2026,grosses,0.0,0.3,567681.0,577571.9991654012,9890.999165401212,5960.499165401212,11315.499165401212,1.0327145501360155,599596.897,594761.886665401
Sultan Room Rooftop,B,0.25,pire_5pct,2026,2025,toutes,0.0,0.5,675048.5,667740.9225242382,-7307.577475761762,-8616.077475761762,-4685.577475761762,-0.6611487060587777,704609.62525,667740.9225242381
Sultan Room Rooftop,B,0.25,moyenne,2025,2026,grosses,0.3,0.1,599596.897,599596.897,0.0,0.0,0.0,0.0,599596.897,599596.897
Sultan Room Rooftop,B,0.25,moyenne,2026,2025,grosses,0.2,0.1,704609.62525,700059.8441890585,-4549.781060941789,-10529.44181094179,3155.5581890582107,-0.4116387231294905,704609.62525,700059.8441890585
Eagle NYC,A,0.0,trou_max,2025,2026,grosses,0.0,1.0,-60053.72051174815,-59856.10614543361,197.61436631450994,-7195.832750499998,16737.734657980007,0.011076467262591275,1204148.86275,1217059.9731728793
Eagle NYC,A,0.0,trou_max,2026,2025,grosses,0.2,1.0,-72760.21248240894,-72627.62606442782,132.58641798111148,-6619.773670222217,15298.740478000007,0.006457568938011288,1408479.4185,1418196.794360384
Eagle NYC,A,0.0,pire_5pct,2025,2026,toutes,0.0,1.0,1148641.5,1176852.9775287698,28211.477528769756,25139.76630317022,34950.01727298878,1.5812793022315976,1204148.86275,1225987.7112922
Eagle NYC,A,0.0,pire_5pct,2026,2025,toutes,0.2,1.0,1357543.0,1374310.6631707111,16767.663170711137,13505.740594463005,19648.430622438274,0.8166623889759632,1408479.4185,1424936.8964453463
Eagle NYC,A,0.0,moyenne,2025,2026,toutes,0.1,1.0,1204148.86275,1254472.0389797445,50323.17622974442,-55010.18525275903,168645.88149314257,2.8206603824098995,1204148.86275,1254472.0389797445
Eagle NYC,A,0.0,moyenne,2026,2025,toutes,0.2,1.0,1408479.4185,1424936.8964453463,16457.477945346614,-23349.98667516937,65471.2321706611,0.8015549405144674,1408479.4185,1424936.8964453463
Eagle NYC,A,0.1,trou_max,2025,2026,grosses,0.2,1.0,-60053.72051174815,-59581.73327617985,471.9872355682867,-7898.915349104995,15727.846756375002,0.02645531932032018,1204148.86275,1227947.3328425149
Eagle NYC,A,0.1,trou_max,2026,2025,grosses,0.2,1.0,-72760.21248240894,-72329.28940205433,430.92308035461036,-7267.833918302218,16891.128072,0.020987937835129575,1408479.4185,1434827.7116428358
Eagle NYC,A,0.1,pire_5pct,2025,2026,toutes,0.2,1.0,1148641.5,1199429.1429232664,50787.642923266394,46664.778391787084,56547.80988009111,2.8466941684210454,1204148.86275,1246565.8404198065
Eagle NYC,A,0.1,pire_5pct,2026,2025,toutes,0.2,0.8,1357543.0,1398112.0748026036,40569.07480260357,36651.66869740655,43855.24456344226,1.9759007089736076,1408479.4185,1443619.3239123921
Eagle NYC,A,0.1,moyenne,2025,2026,toutes,0.2,1.0,1204148.86275,1246565.8404198065,42416.977669806605,-49742.35097671325,146067.8736816892,2.3775106704030176,1204148.86275,1246565.8404198065
Eagle NYC,A,0.1,moyenne,2026,2025,toutes,0.2,1.0,1408479.4185,1452404.30026549,43924.88176549005,-11847.847125071445,112424.14328455165,2.1393439570488733,1408479.4185,1452404.30026549
Eagle NYC,A,0.25,trou_max,2025,2026,grosses,0.2,1.0,-60053.72051174815,-59914.72598072224,138.9945310258903,-8947.914016406256,15076.525719093755,0.007790771497539942,1204148.86275,1210906.0005367782
Eagle NYC,A,0.25,trou_max,2026,2025,grosses,0.3,1.0,-72760.21248240894,-72691.81410739869,68.39837501024319,-8235.179818055549,13478.683062152777,0.0033313157456257513,1408479.4185,1411062.342960691
Eagle NYC,A,0.25,pire_5pct,2025,2026,toutes,0.2,1.0,1148641.5,1162306.3814683093,13664.881468309322,9128.067388327821,19760.729906926215,0.7659291935791048,1204148.86275,1213978.8989439723
Eagle NYC,A,0.25,pire_5pct,2026,2025,toutes,0.3,0.8,1357543.0,1361155.0297107778,3612.0297107778024,-170.5912469860457,6658.187573624984,0.17592247545910433,1408479.4185,1410399.966073209
Eagle NYC,A,0.25,moyenne,2025,2026,toutes,0.2,1.0,1204148.86275,1213978.8989439723,9830.03619397236,-88348.8976834526,113672.65788627043,0.5509825835199283,1204148.86275,1213978.8989439723
Eagle NYC,A,0.25,moyenne,2026,2025,toutes,0.3,1.0,1408479.4185,1410880.1029665112,2400.6844665112867,-30445.12221167975,38335.37469286887,0.11692438544586078,1408479.4185,1410880.1029665112
Eagle NYC,B,0.0,trou_max,2025,2026,grosses,0.2,0.1,-60053.72051174815,-60053.72051174815,0.0,0.0,0.0,0.0,1204148.86275,1204148.86275
Eagle NYC,B,0.0,trou_max,2026,2025,grosses,0.0,1.0,-72760.21248240894,-73212.786684625,-452.5742022160607,-3850.6472022160597,18143.352797783933,-0.02204244714411111,1408479.4185,1386167.9241869808
Eagle NYC,B,0.0,pire_5pct,2025,2026,toutes,0.0,0.5,1148641.5,1214163.9534809876,65522.45348098758,61523.51848098762,70568.45348098758,3.6725938730170626,1204148.86275,1214163.9534809876
Eagle NYC,B,0.0,pire_5pct,2026,2025,toutes,0.0,0.5,1357543.0,1384293.3059992085,26750.305999208475,25068.305999208475,28432.305999208475,1.3028630513827955,1408479.4185,1384293.3059992085
Eagle NYC,B,0.0,moyenne,2025,2026,grosses,0.2,0.1,1204148.86275,1204148.86275,0.0,0.0,0.0,0.0,1204148.86275,1204148.86275
Eagle NYC,B,0.0,moyenne,2026,2025,toutes,0.0,1.0,1408479.4185,1360107.1934984168,-48372.22500158282,-159711.38800158282,68786.03699841708,-2.355950046687396,1408479.4185,1360107.1934984168
Eagle NYC,B,0.1,trou_max,2025,2026,grosses,0.2,0.1,-60053.72051174815,-60053.72051174815,0.0,0.0,0.0,0.0,1204148.86275,1204148.86275
Eagle NYC,B,0.1,trou_max,2026,2025,grosses,0.2,0.1,-72760.21248240894,-72760.21248240894,0.0,0.0,0.0,0.0,1408479.4185,1408479.4185
Eagle NYC,B,0.1,pire_5pct,2025,2026,grosses,0.0,0.3,1148641.5,1170137.8823445367,21496.382344536716,17152.05921953669,27312.33821953655,1.2048920316069303,1204148.86275,1203083.5116945368
Eagle NYC,B,0.1,pire_5pct,2026,2025,toutes,0.0,0.5,1357543.0,1366536.2247838543,8993.224783854326,7311.224783854326,10675.224783854326,0.43801144869185893,1408479.4185,1366536.224783854
Eagle NYC,B,0.1,moyenne,2025,2026,grosses,0.2,0.1,1204148.86275,1204148.86275,0.0,0.0,0.0,0.0,1204148.86275,1204148.86275
Eagle NYC,B,0.1,moyenne,2026,2025,grosses,0.2,0.1,1408479.4185,1408479.4185,0.0,0.0,0.0,0.0,1408479.4185,1408479.4185
Eagle NYC,B,0.25,trou_max,2025,2026,grosses,0.3,0.1,-60053.72051174815,-60053.72051174815,0.0,0.0,0.0,0.0,1204148.86275,1204148.86275
Eagle NYC,B,0.25,trou_max,2026,2025,grosses,0.2,0.1,-72760.21248240894,-72900.41966301834,-140.20718060941854,-480.01448060941766,1719.3855193905765,-0.006828735161383607,1408479.4185,1401405.8312889198
Eagle NYC,B,0.25,pire_5pct,2025,2026,grosses,0.0,0.1,1148641.5,1153807.7451011194,5166.245101119392,914.0838511195559,11453.3169761195,0.2895727967570838,1204148.86275,1201535.8300511197
Eagle NYC,B,0.25,pire_5pct,2026,2025,toutes,0.0,0.5,1357543.0,1339974.3375692521,-17568.662430747878,-19250.662430747878,-15886.662430747878,-0.85567474046524,1408479.4185,1339974.3375692521
Eagle NYC,B,0.25,moyenne,2025,2026,grosses,0.3,0.1,1204148.86275,1204148.86275,0.0,0.0,0.0,0.0,1204148.86275,1204148.86275
Eagle NYC,B,0.25,moyenne,2026,2025,grosses,0.2,0.1,1408479.4185,1401405.8312889198,-7073.587211080341,-17882.538511080435,4111.461488919565,-0.34451626154568643,1408479.4185,1401405.8312889198
City Vineyard (Pier 26),A,0.0,trou_max,2025,2026,grosses,0.0,1.0,-53042.82157894737,-52829.95012509527,212.87145385207842,-5116.97845857143,12289.725425971352,0.014186512265886388,1005412.8,1015184.6019305267
City Vineyard (Pier 26),A,0.0,trou_max,2026,2025,grosses,0.2,1.0,-63031.70496274835,-62938.28115878835,93.42380396000019,-4761.019319999992,10878.98068,0.005439079432244253,1165720.32,1172682.236812309
City Vineyard (Pier 26),A,0.0,pire_5pct,2025,2026,toutes,0.1,1.0,958249.0,1008684.01816479,50435.01816479,45613.432677863035,53930.10359413957,3.361169338948498,1005412.8,1047877.4959316857
City Vineyard (Pier 26),A,0.0,pire_5pct,2026,2025,toutes,0.2,1.0,1124853.0,1141443.3010586665,16590.301058666548,13231.139416449965,19347.31496802777,0.9658776611319339,1165720.32,1179774.59846282
City Vineyard (Pier 26),A,0.0,moyenne,2025,2026,toutes,0.1,1.0,1005412.8,1047877.4959316857,42464.695931685805,-42152.418927701074,138576.64835416738,2.8299986625760276,1005412.8,1047877.4959316857
City Vineyard (Pier 26),A,0.0,moyenne,2026,2025,toutes,0.2,1.0,1165720.32,1179774.59846282,14054.278462820002,-17917.55121799992,51287.74638077785,0.8182319032404929,1165720.32,1179774.59846282
City Vineyard (Pier 26),A,0.1,trou_max,2025,2026,grosses,0.2,1.0,-53042.82157894737,-52687.0244876726,355.79709127475456,-5616.942623442861,11184.119453928572,0.0237115860684799,1005412.8,1022839.4190038028
City Vineyard (Pier 26),A,0.1,trou_max,2026,2025,grosses,0.2,1.0,-63031.70496274835,-62657.51504214996,374.1899205983947,-5226.993257199996,12011.332320000001,0.021785119151766067,1165720.32,1184742.137660735
City Vineyard (Pier 26),A,0.1,pire_5pct,2025,2026,toutes,0.2,1.0,958249.0,1003652.8473874857,45403.84738748567,41017.66304058584,48787.998479609494,3.025874189446703,1005412.8,1041299.4375694135
City Vineyard (Pier 26),A,0.1,pire_5pct,2026,2025,toutes,0.2,0.9,1124853.0,1166291.8180383078,41438.81803830783,39132.07402470429,43516.77454322112,2.4125438414515163,1165720.32,1199465.9935896515
City Vineyard (Pier 26),A,0.1,moyenne,2025,2026,toutes,0.2,1.0,1005412.8,1041299.4375694135,35886.6375694134,-37224.179178063554,118378.30416267276,2.391613411978074,1005412.8,1041299.4375694135
City Vineyard (Pier 26),A,0.1,moyenne,2026,2025,toutes,0.2,1.0,1165720.32,1203215.512877391,37495.19287739067,-6889.491067942826,90364.66397452491,2.182948282375275,1165720.32,1203215.512877391
City Vineyard (Pier 26),A,0.25,trou_max,2025,2026,grosses,0.2,1.0,-53042.82157894737,-52939.607511796145,103.21406715120538,-6362.888752232138,10985.402257053574,0.006878553244955441,1005412.8,1010591.2130110489
City Vineyard (Pier 26),A,0.25,trou_max,2026,2025,grosses,0.3,1.0,-63031.70496274835,-63003.02677449835,28.6781882499999,-5922.501437500003,9584.732340277777,0.001669627410283872,1165720.32,1167424.178677118
City Vineyard (Pier 26),A,0.25,pire_5pct,2025,2026,toutes,0.2,1.0,958249.0,974365.3284345624,16116.328434562427,11074.757317895786,19207.07419724327,1.07404955845723,1005412.8,1013833.7329566815
City Vineyard (Pier 26),A,0.25,pire_5pct,2026,2025,toutes,0.3,0.8,1124853.0,1129365.4835050001,4512.4835050001275,1827.65184944449,7734.380866999925,0.26271416041778994,1165720.32,1167303.9312113055
City Vineyard (Pier 26),A,0.25,moyenne,2025,2026,toutes,0.2,1.0,1005412.8,1013833.7329566815,8420.93295668143,-69189.09885346876,89764.65132212956,0.5612009807720943,1005412.8,1013833.7329566815
City Vineyard (Pier 26),A,0.25,moyenne,2026,2025,toutes,0.3,1.0,1165720.32,1167699.834014132,1979.5140141319455,-24167.968055208254,29488.801551736193,0.11524615251926745,1165720.32,1167699.834014132
City Vineyard (Pier 26),B,0.0,trou_max,2025,2026,grosses,0.2,0.1,-53042.82157894737,-53042.82157894737,0.0,0.0,0.0,0.0,1005412.8,1005412.8
City Vineyard (Pier 26),B,0.0,trou_max,2026,2025,grosses,0.0,1.0,-63031.70496274835,-63259.6918483835,-227.98688563513977,-2738.2068856351398,12901.79311436486,-0.013273263642855299,1165720.32,1151801.7288326083
City Vineyard (Pier 26),B,0.0,pire_5pct,2025,2026,toutes,0.0,0.5,958249.0,1013829.9867637384,55580.986763738445,52119.486763738445,57443.986763738445,3.7041150243741137,1005412.8,1013829.9867637382
City Vineyard (Pier 26),B,0.0,pire_5pct,2026,2025,toutes,0.0,0.5,1124853.0,1146533.2277799763,21680.227779976325,20300.227779976325,23060.227779976325,1.2622102291502484,1165720.32,1146533.2277799763
City Vineyard (Pier 26),B,0.0,moyenne,2025,2026,grosses,0.2,0.1,1005412.8,1005412.8,0.0,0.0,0.0,0.0,1005412.8,1005412.8
City Vineyard (Pier 26),B,0.0,moyenne,2026,2025,toutes,0.0,1.0,1165720.32,1127346.1355599524,-38374.18444004736,-127759.54444004735,56240.45555995265,-2.234122658999986,1165720.32,1127346.1355599524
City Vineyard (Pier 26),B,0.1,trou_max,2025,2026,grosses,0.2,0.1,-53042.82157894737,-53042.82157894737,0.0,0.0,0.0,0.0,1005412.8,1005412.8
City Vineyard (Pier 26),B,0.1,trou_max,2026,2025,grosses,0.2,0.1,-63031.70496274835,-63031.70496274835,0.0,0.0,0.0,0.0,1165720.32,1165720.32
City Vineyard (Pier 26),B,0.1,pire_5pct,2025,2026,toutes,0.0,0.5,958249.0,1001858.1161430639,43609.116143063875,40389.116143063875,45449.116143063875,2.90626690367765,1005412.8,1001858.1161430641
City Vineyard (Pier 26),B,0.1,pire_5pct,2026,2025,toutes,0.0,0.5,1124853.0,1131678.1907115157,6825.190711515723,4985.190711515723,8665.190711515723,0.3973586264593118,1165720.32,1131678.1907115155
City Vineyard (Pier 26),B,0.1,moyenne,2025,2026,grosses,0.2,0.1,1005412.8,1005412.8,0.0,0.0,0.0,0.0,1005412.8,1005412.8
City Vineyard (Pier 26),B,0.1,moyenne,2026,2025,grosses,0.2,0.1,1165720.32,1165720.32,0.0,0.0,0.0,0.0,1165720.32,1165720.32
City Vineyard (Pier 26),B,0.25,trou_max,2025,2026,grosses,0.3,0.1,-53042.82157894737,-53042.82157894737,0.0,0.0,0.0,0.0,1005412.8,1005412.8
City Vineyard (Pier 26),B,0.25,trou_max,2026,2025,grosses,0.2,0.1,-63031.70496274835,-63122.022713440856,-90.31775069251871,-341.33975069251755,1222.6602493074752,-0.005258246820784257,1165720.32,1160884.988714681
City Vineyard (Pier 26),B,0.25,pire_5pct,2025,2026,grosses,0.0,0.2,958249.0,964579.865070611,6330.865070611006,2747.4650706109824,11901.350070610993,0.4219114087523662,1005412.8,1001843.545070611
City Vineyard (Pier 26),B,0.25,pire_5pct,2026,2025,toutes,0.0,0.5,1124853.0,1109457.3192520775,-15395.68074792251,-16775.68074792251,-13555.68074792251,-0.896327562697801,1165720.32,1109457.3192520775
City Vineyard (Pier 26),B,0.25,moyenne,2025,2026,grosses,0.3,0.1,1005412.8,1005412.8,0.0,0.0,0.0,0.0,1005412.8,1005412.8
City Vineyard (Pier 26),B,0.25,moyenne,2026,2025,grosses,0.2,0.1,1165720.32,1160884.988714681,-4835.331285318635,-12716.327285318635,4487.672714681365,-0.2815101700774688,1165720.32,1160884.988714681
Bar 13,A,0.0,trou_max,2025,2026,grosses,0.0,1.0,-21994.987688674813,-21866.50850155686,128.47918711795083,-2998.2091172857145,7507.389891748571,0.017283994058986417,441147.7125,446811.469835355
Bar 13,A,0.0,trou_max,2026,2025,grosses,0.2,1.0,-26705.14525000001,-26593.54408010334,111.60116989666663,-2789.640732,6374.359268,0.013045688643434047,516701.075,520932.1757785984
Bar 13,A,0.0,pire_5pct,2025,2026,toutes,0.1,1.0,418676.075,442420.75068424165,23744.675684241636,22558.086924180017,25913.669603093975,3.1943137457915243,441147.7125,462445.6320985064
Bar 13,A,0.0,pire_5pct,2026,2025,toutes,0.2,1.0,494758.0,502897.47620267776,8139.476202677761,6829.124191136236,9825.30754965137,0.9514691679226432,516701.075,523827.0523523322
Bar 13,A,0.0,moyenne,2025,2026,toutes,0.1,1.0,441147.7125,462445.6320985064,21297.919598506363,-23951.44069000381,69396.83643278724,2.865157571952932,441147.7125,462445.6320985064
Bar 13,A,0.0,moyenne,2026,2025,toutes,0.2,1.0,516701.075,523827.0523523322,7125.977352332221,-10501.656549133355,27330.465887088874,0.8329955851248236,516701.075,523827.0523523322
Bar 13,A,0.1,trou_max,2025,2026,grosses,0.2,1.0,-21994.987688674813,-21774.08223415894,220.90545451587246,-3291.1548722014304,6621.549522551486,0.029717876094162914,441147.7125,451394.9257036698
Bar 13,A,0.1,trou_max,2026,2025,grosses,0.2,1.0,-26705.14525000001,-26440.354581768574,264.7906682314311,-3062.6704737200016,7037.8420320000005,0.03095287098363357,516701.075,527749.9968325235
Bar 13,A,0.1,pire_5pct,2025,2026,toutes,0.2,1.0,418676.075,439319.15340422414,20643.07840422413,19722.01267630474,22588.35401173545,2.7770633711298607,441147.7125,459182.393555822
Bar 13,A,0.1,pire_5pct,2026,2025,toutes,0.2,0.8,494758.0,513595.60400758503,18837.604007585032,17213.06886030027,20550.478251274017,2.202033517200611,516701.075,531450.4289477019
Bar 13,A,0.1,moyenne,2025,2026,toutes,0.2,1.0,441147.7125,459182.393555822,18034.681055822053,-21001.875835260213,60366.16193076086,2.426161989477529,441147.7125,459182.393555822
Bar 13,A,0.1,moyenne,2026,2025,toutes,0.2,1.0,516701.075,535137.7674346274,18436.69243462737,-3885.767054393017,45746.63833756255,2.1551687078155677,516701.075,535137.7674346274
Bar 13,A,0.25,trou_max,2025,2026,grosses,0.2,1.0,-21994.987688674813,-21925.98510003323,69.00258864158045,-3728.22970111607,6436.715235526786,0.009282751229122052,441147.7125,444270.1800551691
Bar 13,A,0.25,trou_max,2026,2025,grosses,0.3,1.0,-26705.14525000001,-26662.115007063894,43.030242936111144,-3470.19201875,5693.80798125,0.005030047194985545,516701.075,517729.0401555358
Bar 13,A,0.25,pire_5pct,2025,2026,toutes,0.2,1.0,418676.075,424296.3425874597,5620.267587459704,4109.768838056138,7658.7707759451005,0.7560809946780492,441147.7125,445567.45465190074
Bar 13,A,0.25,pire_5pct,2026,2025,toutes,0.3,0.7,494758.0,497676.24947414326,2918.24947414326,1726.8851336692258,4711.1740363241415,0.34113059978482557,516701.075,517464.48511944956
Bar 13,A,0.25,moyenne,2025,2026,toutes,0.2,1.0,441147.7125,445567.45465190074,4419.742151900717,-36008.5953353488,47134.29872413201,0.5945772137052281,441147.7125,445567.45465190074
Bar 13,A,0.25,moyenne,2026,2025,toutes,0.3,1.0,516701.075,517791.660884928,1090.5858849279525,-13247.676644136285,15812.97319648436,0.12748471997979488,516701.075,517791.660884928
Bar 13,B,0.0,trou_max,2025,2026,grosses,0.2,0.1,-21994.987688674813,-21994.987688674813,0.0,0.0,0.0,0.0,441147.7125,441147.7125
Bar 13,B,0.0,trou_max,2026,2025,grosses,0.0,1.0,-26705.14525000001,-26815.820404728925,-110.67515472892771,-1604.4071547289277,7559.592845271072,-0.012937441520499717,516701.075,508582.3621088245
Bar 13,B,0.0,pire_5pct,2025,2026,toutes,0.0,0.5,418676.075,445464.62406561116,26788.54906561115,26060.624065611162,28001.124065611162,3.603798664088824,441147.7125,445464.6240656112
Bar 13,B,0.0,pire_5pct,2026,2025,toutes,0.0,0.5,494758.0,507305.8933755441,12547.89337554411,11176.677750544099,13787.39337554411,1.4667938540422636,516701.075,507305.89337554394
Bar 13,B,0.0,moyenne,2025,2026,grosses,0.2,0.1,441147.7125,441147.7125,0.0,0.0,0.0,0.0,441147.7125,441147.7125
Bar 13,B,0.0,moyenne,2026,2025,toutes,0.0,1.0,516701.075,497910.7117510884,-18790.363248911726,-67621.21324891178,33934.78675108828,-2.196511279131761,516701.075,497910.7117510884
Bar 13,B,0.1,trou_max,2025,2026,grosses,0.2,0.1,-21994.987688674813,-21994.987688674813,0.0,0.0,0.0,0.0,441147.7125,441147.7125
Bar 13,B,0.1,trou_max,2026,2025,grosses,0.2,0.1,-26705.14525000001,-26705.14525000001,0.0,0.0,0.0,0.0,516701.075,516701.075
Bar 13,B,0.1,pire_5pct,2025,2026,toutes,0.0,0.5,418676.075,439533.88388826366,20857.80888826365,20129.883888263663,22070.383888263663,2.805950543392362,441147.7125,439533.8838882635
Bar 13,B,0.1,pire_5pct,2026,2025,toutes,0.0,0.5,494758.0,499907.3992611001,5149.399261100101,3747.3992611001013,6927.399261100101,0.6019422513513253,516701.075,499907.39926110016
Bar 13,B,0.1,moyenne,2025,2026,grosses,0.2,0.1,441147.7125,441147.7125,0.0,0.0,0.0,0.0,441147.7125,441147.7125
Bar 13,B,0.1,moyenne,2026,2025,grosses,0.2,0.1,516701.075,516701.075,0.0,0.0,0.0,0.0,516701.075,516701.075
Bar 13,B,0.25,trou_max,2025,2026,grosses,0.3,0.1,-21994.987688674813,-21994.987688674813,0.0,0.0,0.0,0.0,441147.7125,441147.7125
Bar 13,B,0.25,trou_max,2026,2025,grosses,0.2,0.1,-26705.14525000001,-26755.774446121886,-50.62919612188342,-200.00239612188307,716.3976038781148,-0.005918331586353536,516701.075,513871.5579977839
Bar 13,B,0.25,pire_5pct,2025,2026,grosses,0.0,0.2,418676.075,422469.625953138,3793.5509531379794,2634.8259531380027,5491.725953138026,0.5103372274320541,441147.7125,439009.630053138
Bar 13,B,0.25,pire_5pct,2026,2025,toutes,0.0,0.5,494758.0,488840.3796398892,-5917.620360110828,-7319.620360110828,-4678.120360110828,-0.6917439378057789,516701.075,488840.3796398892
Bar 13,B,0.25,moyenne,2025,2026,grosses,0.3,0.1,441147.7125,441147.7125,0.0,0.0,0.0,0.0,441147.7125,441147.7125
Bar 13,B,0.25,moyenne,2026,2025,grosses,0.2,0.1,516701.075,513871.5579977839,-2829.517002216064,-7450.922202216112,2629.4777977839112,-0.3307581619116718,516701.075,513871.5579977839
Watermark (Pier 15),A,0.0,trou_max,2025,2026,grosses,0.0,1.0,-198896.9754523026,-198105.8255327125,791.1499195901251,-23703.650212499982,56868.227765999996,0.013822713518535265,4011417.585,4046934.2097288864
Watermark (Pier 15),A,0.0,trou_max,2026,2025,grosses,0.2,1.0,-241148.0169029386,-240034.73921066365,1113.277692275,-21806.065399999992,50395.27815,0.01688588101343101,4688219.885,4720870.2123201005
Watermark (Pier 15),A,0.0,pire_5pct,2025,2026,toutes,0.1,1.0,3820635.0,3999746.828390771,179111.82839077106,159483.81096613023,191794.2840250501,3.1293834838652774,4011417.585,4168062.5363936764
Watermark (Pier 15),A,0.0,pire_5pct,2026,2025,toutes,0.2,1.0,4515260.0,4578143.137695,62883.137694999576,46689.53016376251,71241.64601373751,0.9537936385836322,4688219.885,4741192.106774219
Watermark (Pier 15),A,0.0,moyenne,2025,2026,toutes,0.1,1.0,4011417.585,4168062.5363936764,156644.95139367637,-221304.9997117291,548652.2359479016,2.7368495320854427,4011417.585,4168062.5363936764
Watermark (Pier 15),A,0.0,moyenne,2026,2025,toutes,0.2,1.0,4688219.885,4741192.106774219,52972.22177422001,-81760.21260749953,205767.17414224995,0.8034676703785105,4688219.885,4741192.106774219
Watermark (Pier 15),A,0.1,trou_max,2025,2026,grosses,0.2,1.0,-198896.9754523026,-197226.78047819049,1670.1949741121534,-26019.660682124988,51808.78864687498,0.029181102185045178,4011417.585,4083178.9253204335
Watermark (Pier 15),A,0.1,trou_max,2026,2025,grosses,0.2,1.0,-241148.0169029386,-238907.3372477697,2240.6796551689386,-23940.827833999996,55640.73060000001,0.03398599496688036,4688219.885,4775851.993395399
Watermark (Pier 15),A,0.1,pire_5pct,2025,2026,toutes,0.2,1.0,3820635.0,3986508.2943277606,165873.29432776058,144894.0826434857,175626.1423813852,2.898084131837069,4011417.585,4143377.909201024
Watermark (Pier 15),A,0.1,pire_5pct,2026,2025,toutes,0.2,0.7,4515260.0,4648836.630478268,133576.63047826756,117764.68430277612,141570.98263375755,2.0260525330583055,4688219.885,4787379.457088245
Watermark (Pier 15),A,0.1,moyenne,2025,2026,toutes,0.2,1.0,4011417.585,4143377.909201024,131960.32420102408,-195367.22430594533,467369.1949662052,2.305567771767943,4011417.585,4143377.909201024
Watermark (Pier 15),A,0.1,moyenne,2026,2025,toutes,0.2,1.0,4688219.885,4829876.416554637,141656.5315546366,-40614.02815222412,355780.2050575458,2.148606186223718,4688219.885,4829876.416554637
Watermark (Pier 15),A,0.25,trou_max,2025,2026,grosses,0.2,1.0,-198896.9754523026,-198484.36009107024,412.61536123242183,-29475.146425781248,50888.26045546876,0.007209081098835895,4011417.585,4025726.881045035
Watermark (Pier 15),A,0.25,trou_max,2026,2025,grosses,0.3,1.0,-241148.0169029386,-240551.6314139933,596.3854889453124,-27127.34281250002,45014.88304687501,0.009045806337759463,4688219.885,4696389.406985079
Watermark (Pier 15),A,0.25,pire_5pct,2025,2026,toutes,0.2,1.0,3820635.0,3864191.9464364066,43556.94643640658,20883.501560854646,58101.439194492064,0.761012770682646,4011417.585,4038066.867667876
Watermark (Pier 15),A,0.25,pire_5pct,2026,2025,toutes,0.3,0.7,4515260.0,4538121.431745469,22861.43174546864,7516.228277687379,30184.328210380765,0.34675572764041346,4688219.885,4693705.541619865
Watermark (Pier 15),A,0.25,moyenne,2025,2026,toutes,0.2,1.0,4011417.585,4038066.867667876,26649.28266787619,-322700.4083290781,369841.8675372883,0.46560758039811284,4011417.585,4038066.867667876
Watermark (Pier 15),A,0.25,moyenne,2026,2025,toutes,0.3,1.0,4688219.885,4696056.537314094,7836.652314093752,-103916.74046796848,129592.79381015652,0.1188641247710623,4688219.885,4696056.537314094
Watermark (Pier 15),B,0.0,trou_max,2025,2026,grosses,0.2,0.1,-198896.9754523026,-198896.9754523026,0.0,0.0,0.0,0.0,4011417.585,4011417.585
Watermark (Pier 15),B,0.0,trou_max,2026,2025,grosses,0.0,1.0,-241148.0169029386,-242240.3576231603,-1092.340720221604,-12684.340720221604,59765.659279778396,-0.01656831494583766,4688219.885,4618020.5082687
Watermark (Pier 15),B,0.0,pire_5pct,2025,2026,toutes,0.0,0.5,3820635.0,4039900.201657822,219265.2016578219,204775.2016578219,226510.2016578219,3.830930133532893,4011417.585,4039900.2016578233
Watermark (Pier 15),B,0.0,pire_5pct,2026,2025,toutes,0.0,0.5,4515260.0,4611907.497229917,96647.49722991697,82157.49722991697,100623.19097991682,1.4659218897446056,4688219.885,4611907.497229919
Watermark (Pier 15),B,0.0,moyenne,2025,2026,grosses,0.2,0.1,4011417.585,4011417.585,0.0,0.0,0.0,0.0,4011417.585,4011417.585
Watermark (Pier 15),B,0.0,moyenne,2026,2025,toutes,0.0,1.0,4688219.885,4535595.109459835,-152624.77554016604,-531205.005540166,237127.24445983197,-2.3149694073239755,4688219.885,4535595.109459835
Watermark (Pier 15),B,0.1,trou_max,2025,2026,grosses,0.2,0.1,-198896.9754523026,-198896.9754523026,0.0,0.0,0.0,0.0,4011417.585,4011417.585
Watermark (Pier 15),B,0.1,trou_max,2026,2025,grosses,0.2,0.1,-241148.0169029386,-241148.0169029386,0.0,0.0,0.0,0.0,4688219.885,4688219.885
Watermark (Pier 15),B,0.1,pire_5pct,2025,2026,grosses,0.0,0.4,3820635.0,3903968.124237621,83333.1242376212,61598.1242376212,90578.1242376212,1.4559691841186186,4011417.585,4003579.6292376197
Watermark (Pier 15),B,0.1,pire_5pct,2026,2025,toutes,0.0,0.5,4515260.0,4554888.263490304,39628.26349030435,25138.26349030435,39628.26349030435,0.6010702870536612,4688219.885,4554888.263490304
Watermark (Pier 15),B,0.1,moyenne,2025,2026,grosses,0.2,0.1,4011417.585,4011417.585,0.0,0.0,0.0,0.0,4011417.585,4011417.585
Watermark (Pier 15),B,0.1,moyenne,2026,2025,grosses,0.2,0.1,4688219.885,4688219.885,0.0,0.0,0.0,0.0,4688219.885,4688219.885
Watermark (Pier 15),B,0.25,trou_max,2025,2026,grosses,0.3,0.1,-198896.9754523026,-198896.9754523026,0.0,0.0,0.0,0.0,4011417.585,4011417.585
Watermark (Pier 15),B,0.25,trou_max,2026,2025,grosses,0.2,0.1,-241148.0169029386,-241570.0231009997,-422.0061980609433,-1581.2061980609433,5663.793801939057,-0.0064008705975465196,4688219.885,4665248.568898891
Watermark (Pier 15),B,0.25,pire_5pct,2025,2026,grosses,0.0,0.1,3820635.0,3844898.025715018,24263.025715018157,-4354.724284981843,35103.356965018014,0.4239156767219323,4011417.585,4002020.340715017
Watermark (Pier 15),B,0.25,pire_5pct,2026,2025,toutes,0.0,0.5,4515260.0,4469596.179882271,-45663.820117728785,-60153.820117728785,-45473.63886772879,-0.6926159021034406,4688219.885,4469596.179882273
Watermark (Pier 15),B,0.25,moyenne,2025,2026,grosses,0.3,0.1,4011417.585,4011417.585,0.0,0.0,0.0,0.0,4011417.585,4011417.585
Watermark (Pier 15),B,0.25,moyenne,2026,2025,grosses,0.2,0.1,4688219.885,4665248.568898891,-22971.316101107932,-58906.51610110793,13543.483898892067,-0.34842242245289184,4688219.885,4665248.568898891
