periode,regle,n_achats,P_Y_achat,P_D_achat,P_D_sachant_Y,Lambda,corr_Y_D,part_D_couverts,P_D_non_achat,prime_moyenne
2021-2026,cote >= 0.3,129,0.7054263565891473,0.2713178294573643,0.38461538461538464,2.490662085714286,0.3943130926779926,0.9722222222222222,0.009259259259259259,0.675761031007752
2021-2026,cote >= 0.3 et prevision soir >= 0.3,69,0.8985507246376812,0.4927536231884058,0.5483870967741935,1.487474676470588,0.33117581336027346,0.9444444444444444,0.011904761904761904,0.7329585362318839
2021-2026,cote >= 0.3 et prevision stricte >= 0.3,38,0.9473684210526315,0.631578947368421,0.6666666666666666,1.1806562708333335,0.308606699924184,0.6666666666666666,0.06030150753768844,0.7456776447368421
2021-2026,cote >= 0.3 et prevision soir >= 0.5,46,0.9347826086956522,0.5652173913043478,0.6046511627906976,1.3961963076923074,0.3011605459196218,0.7222222222222222,0.05235602094240838,0.7891544347826087
2021-2026,cote >= 0.3 et prevision stricte >= 0.5,18,0.9444444444444444,0.7777777777777778,0.8235294117647058,1.0557517142857142,0.4537426064865151,0.3888888888888889,0.1004566210045662,0.8211402222222223
2021-2026,cote >= 0.3 et prevision soir >= 0.7,29,1.0,0.6896551724137931,0.6896551724137931,1.1975489000000001,,0.5555555555555556,0.07692307692307693,0.8258957931034483
2021-2026,cote >= 0.3 et prevision stricte >= 0.7,9,1.0,0.8888888888888888,0.8888888888888888,1.0060291250000002,,0.2222222222222222,0.12280701754385964,0.8942481111111111
2021-2026,cote >= 0.4,116,0.7241379310344828,0.28448275862068967,0.39285714285714285,2.497641143939394,0.38918246984735677,0.9166666666666666,0.024793388429752067,0.7105358426724139
2021-2026,cote >= 0.4 et prevision soir >= 0.3,65,0.9076923076923077,0.5076923076923077,0.559322033898305,1.4888177272727274,0.3238408271912797,0.9166666666666666,0.01744186046511628,0.7558613076923076
2021-2026,cote >= 0.4 et prevision stricte >= 0.3,37,0.9459459459459459,0.6216216216216216,0.6571428571428571,1.217413847826087,0.30639443699324576,0.6388888888888888,0.065,0.7567707702702703
2021-2026,cote >= 0.4 et prevision soir >= 0.5,44,0.9318181818181818,0.5681818181818182,0.6097560975609756,1.4235897599999996,0.3102858014190455,0.6944444444444444,0.05699481865284974,0.8088578181818182
2021-2026,cote >= 0.4 et prevision stricte >= 0.5,18,0.9444444444444444,0.7777777777777778,0.8235294117647058,1.0557517142857142,0.4537426064865151,0.3888888888888889,0.1004566210045662,0.8211402222222223
2021-2026,cote >= 0.4 et prevision soir >= 0.7,28,1.0,0.6785714285714286,0.6785714285714286,1.242934,,0.5277777777777778,0.08133971291866028,0.8434195000000001
2021-2026,cote >= 0.4 et prevision stricte >= 0.7,9,1.0,0.8888888888888888,0.8888888888888888,1.0060291250000002,,0.2222222222222222,0.12280701754385964,0.8942481111111111
2021-2026,cote >= 0.5,97,0.8041237113402062,0.32989690721649484,0.41025641025641024,2.3005992031250004,0.3462962669976233,0.8888888888888888,0.02857142857142857,0.75896056185567
2021-2026,cote >= 0.5 et prevision soir >= 0.3,62,0.9032258064516129,0.5161290322580645,0.5714285714285714,1.4932678671874995,0.33806170189140655,0.8888888888888888,0.022857142857142857,0.7707188991935482
2021-2026,cote >= 0.5 et prevision stricte >= 0.3,34,0.9411764705882353,0.6470588235294118,0.6875,1.2115502386363637,0.33850160019316483,0.6111111111111112,0.06896551724137931,0.7839442720588236
2021-2026,cote >= 0.5 et prevision soir >= 0.5,44,0.9318181818181818,0.5681818181818182,0.6097560975609756,1.4235897599999996,0.3102858014190455,0.6944444444444444,0.05699481865284974,0.8088578181818182
2021-2026,cote >= 0.5 et prevision stricte >= 0.5,18,0.9444444444444444,0.7777777777777778,0.8235294117647058,1.0557517142857142,0.4537426064865151,0.3888888888888889,0.1004566210045662,0.8211402222222223
2021-2026,cote >= 0.5 et prevision soir >= 0.7,28,1.0,0.6785714285714286,0.6785714285714286,1.242934,,0.5277777777777778,0.08133971291866028,0.8434195000000001
2021-2026,cote >= 0.5 et prevision stricte >= 0.7,9,1.0,0.8888888888888888,0.8888888888888888,1.0060291250000002,,0.2222222222222222,0.12280701754385964,0.8942481111111111
2021-2026,cote >= 0.6,72,0.9305555555555556,0.3611111111111111,0.3880597014925373,2.3044261538461543,0.20537868033499815,0.7222222222222222,0.06060606060606061,0.8321538888888889
2021-2026,cote >= 0.6 et prevision soir >= 0.3,49,0.9387755102040817,0.5306122448979592,0.5652173913043478,1.5616896923076924,0.27152165210427814,0.7222222222222222,0.05319148936170213,0.8286516734693876
2021-2026,cote >= 0.6 et prevision stricte >= 0.3,28,0.9642857142857143,0.6785714285714286,0.7037037037037037,1.2312964210526316,0.27962349760262,0.5277777777777778,0.08133971291866028,0.8355225714285713
2021-2026,cote >= 0.6 et prevision soir >= 0.5,39,0.9743589743589743,0.5897435897435898,0.6052631578947368,1.430113086956522,0.19449665130387478,0.6388888888888888,0.06565656565656566,0.8434000256410256
2021-2026,cote >= 0.6 et prevision stricte >= 0.5,15,1.0,0.8,0.8,1.0981832499999997,,0.3333333333333333,0.10810810810810811,0.8785466000000002
2021-2026,cote >= 0.6 et prevision soir >= 0.7,25,1.0,0.68,0.68,1.2919762352941173,,0.4722222222222222,0.08962264150943396,0.87854384
2021-2026,cote >= 0.6 et prevision stricte >= 0.7,9,1.0,0.8888888888888888,0.8888888888888888,1.0060291250000002,,0.2222222222222222,0.12280701754385964,0.8942481111111111
2021-2026,prevision soir >= 0.3 seule,72,0.8888888888888888,0.4722222222222222,0.53125,1.5064009999999999,0.3344280270299694,0.9444444444444444,0.012121212121212121,0.7113560277777778
2021-2026,prevision soir >= 0.5 seule,48,0.9375,0.5416666666666666,0.5777777777777777,1.4100308461538464,0.2806917861068948,0.7222222222222222,0.05291005291005291,0.7637667083333333
2021-2026,prevision soir >= 0.7 seule,29,1.0,0.6896551724137931,0.6896551724137931,1.1975489000000001,,0.5555555555555556,0.07692307692307693,0.8258957931034483
2025-2026,cote >= 0.3,111,0.7207207207207207,0.2882882882882883,0.4,2.3711183359374997,0.3961843324974571,0.9696969696969697,0.011363636363636364,0.6835656463963964
2025-2026,cote >= 0.3 et prevision soir >= 0.3,61,0.9016393442622951,0.5245901639344263,0.5818181818181818,1.4195562656249996,0.3469526992957244,0.9696969696969697,0.007246376811594203,0.7446852540983605
2025-2026,cote >= 0.3 et prevision stricte >= 0.3,33,0.9696969696969697,0.6666666666666666,0.6875,1.1478501022727274,0.24999999999999992,0.6666666666666666,0.06626506024096386,0.7652334015151515
2025-2026,cote >= 0.3 et prevision soir >= 0.5,43,0.9302325581395349,0.5813953488372093,0.625,1.36174448,0.32274861218395146,0.7575757575757576,0.05128205128205128,0.7917119069767442
2025-2026,cote >= 0.3 et prevision stricte >= 0.5,17,0.9411764705882353,0.7647058823529411,0.8125,1.0819864615384618,0.4506939094329987,0.3939393939393939,0.10989010989010989,0.8274014117647059
2025-2026,cote >= 0.3 et prevision soir >= 0.7,28,1.0,0.6785714285714286,0.6785714285714286,1.2229619999999999,,0.5757575757575758,0.08187134502923976,0.8298670714285714
2025-2026,cote >= 0.3 et prevision stricte >= 0.7,8,1.0,0.875,0.875,1.0476475714285713,,0.21212121212121213,0.13612565445026178,0.916691625
2025-2026,cote >= 0.4,99,0.7474747474747475,0.31313131313131315,0.4189189189189189,2.306809306451613,0.3924465676064363,0.9393939393939394,0.02,0.7223342272727272
2025-2026,cote >= 0.4 et prevision soir >= 0.3,57,0.9122807017543859,0.543859649122807,0.5961538461538461,1.4187950483870966,0.33859263195498096,0.9393939393939394,0.014084507042253521,0.7716253771929825
2025-2026,cote >= 0.4 et prevision stricte >= 0.3,32,0.96875,0.65625,0.6774193548387096,1.1865462023809523,0.24816038707378332,0.6363636363636364,0.0718562874251497,0.7786709453125
2025-2026,cote >= 0.4 et prevision soir >= 0.5,41,0.926829268292683,0.5853658536585366,0.631578947368421,1.3888438333333335,0.3338489304447944,0.7272727272727273,0.056962025316455694,0.8129817560975608
2025-2026,cote >= 0.4 et prevision stricte >= 0.5,17,0.9411764705882353,0.7647058823529411,0.8125,1.0819864615384618,0.4506939094329987,0.3939393939393939,0.10989010989010989,0.8274014117647059
2025-2026,cote >= 0.4 et prevision soir >= 0.7,27,1.0,0.6666666666666666,0.6666666666666666,1.2722803333333332,,0.5454545454545454,0.0872093023255814,0.8481868888888889
2025-2026,cote >= 0.4 et prevision stricte >= 0.7,8,1.0,0.875,0.875,1.0476475714285713,,0.21212121212121213,0.13612565445026178,0.916691625
2025-2026,cote >= 0.5,81,0.8518518518518519,0.37037037037037035,0.43478260869565216,2.105847675,0.3198465105036007,0.9090909090909091,0.025423728813559324,0.7799435833333334
2025-2026,cote >= 0.5 et prevision soir >= 0.3,55,0.9090909090909091,0.5454545454545454,0.6,1.436785275,0.34641016151377535,0.9090909090909091,0.020833333333333332,0.7837010590909089
2025-2026,cote >= 0.5 et prevision stricte >= 0.3,30,0.9666666666666667,0.6666666666666666,0.6896551724137931,1.2019191000000002,0.26261286571944514,0.6060606060606061,0.07692307692307693,0.8012794
2025-2026,cote >= 0.5 et prevision soir >= 0.5,41,0.926829268292683,0.5853658536585366,0.631578947368421,1.3888438333333335,0.3338489304447944,0.7272727272727273,0.056962025316455694,0.8129817560975608
2025-2026,cote >= 0.5 et prevision stricte >= 0.5,17,0.9411764705882353,0.7647058823529411,0.8125,1.0819864615384618,0.4506939094329987,0.3939393939393939,0.10989010989010989,0.8274014117647059
2025-2026,cote >= 0.5 et prevision soir >= 0.7,27,1.0,0.6666666666666666,0.6666666666666666,1.2722803333333332,,0.5454545454545454,0.0872093023255814,0.8481868888888889
2025-2026,cote >= 0.5 et prevision stricte >= 0.7,8,1.0,0.875,0.875,1.0476475714285713,,0.21212121212121213,0.13612565445026178,0.916691625
2025-2026,cote >= 0.6,65,0.9384615384615385,0.38461538461538464,0.4098360655737705,2.16894552,0.20244408254472906,0.7575757575757576,0.05970149253731343,0.8342098153846154
2025-2026,cote >= 0.6 et prevision soir >= 0.3,45,0.9555555555555556,0.5555555555555556,0.5813953488372093,1.5014095999999995,0.24112141108520607,0.7575757575757576,0.05194805194805195,0.8341164444444443
2025-2026,cote >= 0.6 et prevision stricte >= 0.3,26,1.0,0.6923076923076923,0.6923076923076923,1.2149295555555555,,0.5454545454545454,0.08670520231213873,0.841105076923077
2025-2026,cote >= 0.6 et prevision soir >= 0.5,36,0.9722222222222222,0.6111111111111112,0.6285714285714286,1.3925049545454544,0.21189138534559052,0.6666666666666666,0.06748466257668712,0.8509752499999998
2025-2026,cote >= 0.6 et prevision stricte >= 0.5,14,1.0,0.7857142857142857,0.7857142857142857,1.1330453636363638,,0.3333333333333333,0.11891891891891893,0.8902499285714287
2025-2026,cote >= 0.6 et prevision soir >= 0.7,24,1.0,0.6666666666666666,0.6666666666666666,1.3280560000000001,,0.48484848484848486,0.09714285714285714,0.8853706666666668
2025-2026,cote >= 0.6 et prevision stricte >= 0.7,8,1.0,0.875,0.875,1.0476475714285713,,0.21212121212121213,0.13612565445026178,0.916691625
2025-2026,prevision soir >= 0.3 seule,64,0.890625,0.5,0.5614035087719298,1.4396654843749999,0.3504383220252312,0.9696969696969697,0.007407407407407408,0.7198327421875
2025-2026,prevision soir >= 0.5 seule,45,0.9333333333333333,0.5555555555555556,0.5952380952380952,1.3761324,0.29880715233359856,0.7575757575757576,0.05194805194805195,0.7645179999999999
2025-2026,prevision soir >= 0.7 seule,28,1.0,0.6785714285714286,0.6785714285714286,1.2229619999999999,,0.5757575757575758,0.08187134502923976,0.8298670714285714
