regle,information,n,e_max_in,e_max_oos_2025,e_max_oos_2026
"actuelle, trace = oui",aucune,355,0.19515931372549025,0.1850187265917603,0.18854337152209497
"actuelle, trace = oui",cote seule,237,0.12346815682949874,0.12803431382485153,0.15805922418422677
"actuelle, trace = oui",prevision soir seule,355,0.09689488861833834,0.15101829114857723,0.0968229213089772
"actuelle, trace = oui",cote + prevision soir (veille 12 h),237,0.12476560564904488,0.1373321168873333,0.14699320376500785
"actuelle, trace = oui",cote + prevision soir + prevision jour (veille 12 h),237,0.1291523135817247,0.1482010030461569,0.14463464123677292
"actuelle, trace = oui",cote + prevision soir (jour 9 h),223,0.0849853947597427,0.09189840204613052,0.056153166300213254
"TWC, trace = non",aucune,355,0.30203517721451734,0.2677902621722847,0.33443786982248525
"TWC, trace = non",cote seule,237,0.18903989546836047,0.1886390649402155,0.2792226326988991
"TWC, trace = non",prevision soir seule,355,0.2601397412110146,0.24264270380029723,0.3144389833695955
"TWC, trace = non",cote + prevision soir (veille 12 h),237,0.22073916070922722,0.19028766686008255,0.3856126016102076
"TWC, trace = non",cote + prevision soir + prevision jour (veille 12 h),237,0.26295067691763135,0.21888640256535538,0.3841283557680147
"TWC, trace = non",cote + prevision soir (jour 9 h),223,0.30554940125778474,0.3194908778014341,0.21943260185792507
