ville,n,achat,pi_moyen,pi_moyen_ic_bas,pi_moyen_ic_haut,fee_moyen,fee_moyen_ic_bas,fee_moyen_ic_haut,P_Y,P_Y_ic_bas,P_Y_ic_haut,P_YD,P_YD_ic_bas,P_YD_ic_haut,lambda,lambda_ic_bas,lambda_ic_haut,Lambda,Lambda_ic_bas,Lambda_ic_haut,Lambda_sans_frais,Lambda_sans_frais_ic_bas,Lambda_sans_frais_ic_haut,ecart_mos,ecart_mos_ic_bas,ecart_mos_ic_haut,spread_moyen,spread_moyen_ic_bas,spread_moyen_ic_haut,spread_median,spread_median_ic_bas,spread_median_ic_haut,brier_brier,brier_fiabilite,brier_resolution,brier_incertitude,brier_ece,brier_mos_brier,brier_mos_fiabilite,brier_mos_resolution,brier_mos_incertitude,brier_mos_ece,brier_kalshi_meme_jours_brier,brier_kalshi_meme_jours_fiabilite,brier_kalshi_meme_jours_resolution,brier_kalshi_meme_jours_incertitude,brier_kalshi_meme_jours_ece,n_mos
NYC,237,veille_12h,0.4085654008438819,0.35951476793248943,0.45744936708860756,0.009734962025316457,0.00880331888185654,0.010657342906118144,0.4430379746835443,0.379746835443038,0.5063291139240507,0.1518987341772152,0.10970464135021098,0.20253164556962025,-0.07780952380952366,-0.1672020146176912,0.028471733520994413,2.7538107222222226,2.1404889261978703,3.595672581250001,2.689722222222222,2.089126663708962,3.504132222222222,0.08045021097046412,0.05174086497890294,0.1147277215189873,0.2490295358649789,0.19544092827004222,0.31569620253164554,0.09999999999999998,0.08,0.11000000000000001,0.1429966244725738,0.012166449258257042,0.11301485644668863,0.2467553276718475,0.08641350210970462,0.14597457286919832,0.02059682107883934,0.11966278684205388,0.2467553276718475,0.11492278481012656,0.1429966244725738,0.012166449258257042,0.11301485644668863,0.2467553276718475,0.08641350210970462,237.0
NYC,237,veille_12h,0.4085654008438819,0.3571550632911393,0.45462130801687767,,,,,,,,,,-0.07780952380952366,-0.17277456867702834,0.026117211503010856,2.7538107222222226,2.1476551518584284,3.7513050330729167,,,,,,,,,,,,,,,,,,,,,,,,,,,,
NYC,324,veille_18h,0.41337962962962965,0.36929899691358026,0.4570381944444444,,,,,,,,,,-0.06989583333333327,-0.140310984516506,0.015333777253006744,3.111878982954546,2.512006077372881,4.076427785444519,,,,,,,,,,,,,,,,,,,,,,,,,,,,
NYC,351,jour_9h,0.43897435897435894,0.3937809829059829,0.48601032763532764,,,,,,,,,,-0.037000000000000144,-0.11511267482517487,0.028375705815923188,3.1986279387755103,2.610259135447515,3.937979917256944,,,,,,,,,,,,,,,,,,,,,,,,,,,,
MIA,52,veille_12h,0.5677884615384616,0.465954326923077,0.6586538461538461,0.014397889423076923,0.013731857932692307,0.014868383653846155,0.6153846153846154,0.46153846153846156,0.75,0.11538461538461539,0.057692307692307696,0.19230769230769232,-0.07734374999999993,-0.20908552631578944,0.12000520833333336,5.045615041666667,3.266512476875,9.654507147916664,4.920833333333334,3.186231249999999,9.405458333333328,-0.060146153846153835,-0.08309067307692306,-0.02798245192307693,0.12249999999999998,0.04846153846153846,0.17576923076923073,0.03500000000000003,0.020000000000000018,0.07,0.19537355769230774,0.019117934981684983,0.061777965624119476,0.23668639053254437,0.10067307692307695,0.18937758653846154,0.060531935027472526,0.10542875927491312,0.23668639053254437,0.17368846153846154,0.19537355769230774,0.019117934981684983,0.061777965624119476,0.23668639053254437,0.10067307692307695,52.0
MIA,52,veille_12h,0.5677884615384616,0.46927884615384613,0.6544278846153847,,,,,,,,,,-0.07734374999999993,-0.2069034181240065,0.12362309523809537,5.045615041666667,3.266970963068182,9.253132024999996,,,,,,,,,,,,,,,,,,,,,,,,,,,,
MIA,56,veille_18h,0.5708035714285714,0.45828348214285713,0.6780357142857143,,,,,,,,,,-0.03136363636363637,-0.1540151315789475,0.1446749999999997,5.4528382083333335,3.442672657386364,10.064204783333333,,,,,,,,,,,,,,,,,,,,,,,,,,,,
MIA,57,jour_9h,0.6689473684210526,0.5492763157894737,0.7866842105263158,,,,,,,,,,0.1554545454545453,0.02897770270270283,0.34686999999999996,6.455665833333334,4.0648251208333335,12.0001769,,,,,,,,,,,,,,,,,,,,,,,,,,,,
CHI,53,veille_12h,0.3599056603773585,0.2754716981132076,0.4854740566037736,0.009958787735849059,0.008297859433962265,0.011471966509433962,0.24528301886792453,0.1320754716981132,0.37735849056603776,0.07547169811320754,0.018867924528301886,0.16981132075471697,0.4673076923076924,0.16880882352941187,1.1807321428571425,4.9007039375,2.6813775250000003,17.106986750000004,4.76875,2.6154444444444445,16.626,0.010862264150943381,-0.01889863207547172,0.04098061320754715,0.11490566037735847,0.04924056603773584,0.1584952830188678,0.03,0.019999999999999997,0.039999999999999994,0.12405235849056603,0.022542922282120396,0.08152536913661869,0.18511925952296193,0.12518867924528304,0.0950378783018868,0.03788650679499851,0.12986319483293496,0.18511925952296193,0.13030377358490566,0.12405235849056603,0.022542922282120396,0.08152536913661869,0.18511925952296193,0.12518867924528304,53.0
CHI,53,veille_12h,0.3599056603773585,0.2694292452830189,0.4845023584905659,,,,,,,,,,0.4673076923076924,0.1733263888888889,1.1162395833333336,4.9007039375,2.751553342329546,15.87886103125,,,,,,,,,,,,,,,,,,,,,,,,,,,,
CHI,56,veille_18h,0.376875,0.289640625,0.506361607142857,,,,,,,,,,0.6234615384615385,0.26373611111111106,1.37025,5.4120294375,3.0124388,18.76489890000001,,,,,,,,,,,,,,,,,,,,,,,,,,,,
CHI,57,jour_9h,0.37578947368421056,0.26191666666666663,0.5268859649122807,,,,,,,,,,0.5300000000000002,0.2643489583333334,1.0615039682539686,5.446567000000001,3.2928575093749997,15.207514024999998,,,,,,,,,,,,,,,,,,,,,,,,,,,,
