FP,UC,rho,ville,groupe,n,theta_mm,fenetre,type,FP_ic_bas,FP_ic_haut,UC_ic_bas,UC_ic_haut,rho_ic_bas,rho_ic_haut,P_D,P_D_ic_bas,P_D_ic_haut
0.7777777777777778,0.0,0.3333333333333333,NYC,2021,16,1.0,18h-01h,groupe,,,,,,,,,
0.8666666666666667,0.0,0.31722063428725766,NYC,2022,55,1.0,18h-01h,groupe,0.6998076923076922,1.0,0.0,0.0,0.20345597929769127,0.4937104414532875,,,
0.6714285714285714,0.0,0.4559869593999999,NYC,2025,151,1.0,18h-01h,groupe,0.582089552238806,0.7761608623548922,0.0,0.0,0.36272884946364686,0.536787205337727,,,
0.6666666666666666,0.0,0.44855456881097666,NYC,2026,133,1.0,18h-01h,groupe,0.5571428571428572,0.7536350677120456,0.0,0.0,0.38567054876474766,0.5281802334188198,,,
0.6785714285714286,0.0,0.443613573862942,NYC,apres_15juil2026,58,1.0,18h-01h,groupe,0.5263157894736842,0.7858082706766917,0.0,0.0,0.360489174227625,0.5689149704885157,,,
0.696969696969697,0.0,0.4410810913912309,NYC,avant_15juil2026,297,1.0,18h-01h,groupe,0.6137891849529781,0.7686109345200254,0.0,0.0,0.37949675735267374,0.5064992980910306,,,
0.5875,0.0,0.5280086206192811,NYC,tous,356,0.25,17h-23h,grille,0.5053795582047687,0.6579179566563468,0.0,0.0,0.4719592218527426,0.5867074199218278,0.1853932584269663,0.14606741573033707,0.23595505617977527
0.675,0.0,0.4577548183080223,NYC,tous,356,1.0,17h-23h,grille,0.5999700598802395,0.736543259634577,0.0,0.0,0.40275844906439906,0.521114445546381,0.14606741573033707,0.11235955056179775,0.18820224719101122
0.76875,0.0,0.3769411618521286,NYC,tous,356,2.5,17h-23h,grille,0.7,0.8353677832664402,0.0,0.0,0.31257902811881705,0.4400854617857919,0.10393258426966293,0.07296348314606742,0.1404494382022472
0.85,0.0,0.29758060566419625,NYC,tous,356,5.0,17h-23h,grille,0.7891556019998361,0.9006717370309051,0.0,0.0,0.23339698647943746,0.36134734132234547,0.06741573033707865,0.04487359550561798,0.09831460674157304
0.60625,0.0,0.5127860043930312,NYC,tous,355,0.25,18h-01h,grille,0.5251676436628474,0.6797385620915033,0.0,0.0,0.4565809832655134,0.5746469618392197,0.17746478873239438,0.1352112676056338,0.22535211267605634
0.69375,0.0,0.4417683937602261,NYC,tous,355,1.0,18h-01h,grille,0.6229293747617233,0.753545374040651,0.0,0.0,0.3921533415133857,0.4996738340565816,0.13802816901408452,0.10422535211267606,0.18028169014084508
0.7875,0.0,0.35928927766735397,NYC,tous,355,2.5,18h-01h,grille,0.7218733647305076,0.8478534563653425,0.0,0.0,0.29898129930457445,0.4153999878737031,0.09577464788732394,0.0647887323943662,0.1323943661971831
0.86875,0.0,0.2768176186805602,NYC,tous,355,5.0,18h-01h,grille,0.8068803879310344,0.9208864193561352,0.0,0.0,0.21036863464653524,0.342715899184556,0.059154929577464786,0.03380281690140845,0.08732394366197183
0.625,0.0,0.49787684815846117,NYC,tous,355,0.25,19h-02h,grille,0.5471399913250922,0.6870954114129728,0.0,0.0,0.4481805449434423,0.560046958334506,0.16901408450704225,0.13232394366197184,0.21971830985915494
0.69375,0.0,0.4417683937602261,NYC,tous,355,1.0,19h-02h,grille,0.6195522774327122,0.7631783262504086,0.0,0.0,0.3802301412723311,0.5012244399936451,0.13802816901408452,0.10140845070422536,0.18028169014084508
0.7875,0.0,0.35928927766735397,NYC,tous,355,2.5,19h-02h,grille,0.7167416579085654,0.8456908831908831,0.0,0.0,0.3004819343010635,0.42014554430043666,0.09577464788732394,0.0676056338028169,0.1323943661971831
0.875,0.0,0.2697428294317585,NYC,tous,355,5.0,19h-02h,grille,0.8227773200509325,0.9220798662415428,0.0,0.0,0.21246759977821522,0.326745570597969,0.056338028169014086,0.03380281690140845,0.08169014084507042
0.4875,0.0,0.6054798422871387,NYC,tous,356,0.25,12h-24h,grille,0.40644657258064515,0.5759493670886076,0.0,0.0,0.535995559555026,0.6666109084878927,0.2303370786516854,0.17970505617977528,0.2808988764044944
0.58125,0.0,0.5329132572871382,NYC,tous,356,1.0,12h-24h,grille,0.503221848406887,0.6647880539499036,0.0,0.0,0.4676829589383383,0.5905182985429736,0.18820224719101122,0.14325842696629212,0.23314606741573032
0.70625,0.0,0.43165595193559414,NYC,tous,356,2.5,12h-24h,grille,0.6312330812101911,0.7736001217285454,0.0,0.0,0.3733404759578113,0.4933247053609231,0.13202247191011235,0.09831460674157304,0.17141853932584264
0.7875,0.0,0.3596495879143427,NYC,tous,356,5.0,12h-24h,grille,0.7231504391933687,0.8400294117647058,0.0,0.0,0.30425382413193935,0.4164909755969978,0.09550561797752809,0.07296348314606742,0.12640449438202248
0.8181818181818182,0.0,0.29250896965085227,MIA,2026,57,1.0,18h-01h,groupe,0.7272727272727273,0.9000806451612903,0.0,0.0,0.21585583978559425,0.3827476014771239,,,
0.8181818181818182,0.0,0.29250896965085227,MIA,apres_15juil2026,57,1.0,18h-01h,groupe,0.7272727272727273,0.896551724137931,0.0,0.0,0.2178057692067188,0.383325938999964,,,
0.6666666666666666,0.0,0.42107596053325946,MIA,tous,58,0.25,17h-23h,grille,0.5263157894736842,0.7576018808777429,0.0,0.0,0.35091716673687096,0.526427677565252,0.1896551724137931,0.1206896551724138,0.3103448275862069
0.696969696969697,0.0,0.39727607885233013,MIA,tous,58,1.0,17h-23h,grille,0.5428571428571428,0.8125,0.0,0.0,0.3031507493748729,0.5141802058572323,0.1724137931034483,0.10344827586206896,0.3103448275862069
0.7272727272727273,0.0,0.3730235484764954,MIA,tous,58,2.5,17h-23h,grille,0.5789473684210527,0.8462121212121212,0.0,0.0,0.27536189973229014,0.47391869606640696,0.15517241379310345,0.06896551724137931,0.27586206896551724
0.7878787878787878,0.0,0.3224608291466229,MIA,tous,58,5.0,17h-23h,grille,0.6666666666666666,0.8888888888888888,0.0,0.0,0.23688968483956713,0.40492463985779376,0.1206896551724138,0.05172413793103448,0.22413793103448276
0.7878787878787878,0.0,0.3190896140869862,MIA,tous,57,0.25,18h-01h,grille,0.6875,0.8709677419354839,0.0,0.0,0.24282146558931603,0.41519575221345223,0.12280701754385964,0.07017543859649122,0.21052631578947367
0.8181818181818182,0.0,0.29250896965085227,MIA,tous,57,1.0,18h-01h,grille,0.7240900383141763,0.9,0.0,0.0,0.2178057692067188,0.3834442155264181,0.10526315789473684,0.05263157894736842,0.17543859649122806
0.8181818181818182,0.0,0.29250896965085227,MIA,tous,57,2.5,18h-01h,grille,0.7221666666666666,0.8928571428571429,0.0,0.0,0.2178057692067188,0.38805700005813276,0.10526315789473684,0.05263157894736842,0.17543859649122806
0.8484848484848485,0.0,0.26444294267397256,MIA,tous,57,5.0,18h-01h,grille,0.75,0.9285714285714286,0.0,0.0,0.1868706368604627,0.35502372563419615,0.08771929824561403,0.03508771929824561,0.15789473684210525
0.7575757575757576,0.1111111111111111,0.2718270425793598,MIA,tous,57,0.25,19h-02h,grille,0.6409722222222223,0.8529411764705882,0.0,0.375,0.10833156868737906,0.4113114868713684,0.15789473684210525,0.10526315789473684,0.24561403508771928
0.8181818181818182,0.0,0.29250896965085227,MIA,tous,57,1.0,19h-02h,grille,0.7222222222222222,0.8918918918918919,0.0,0.0,0.21922803643625638,0.3944053188733077,0.10526315789473684,0.05263157894736842,0.17543859649122806
0.8484848484848485,0.0,0.26444294267397256,MIA,tous,57,2.5,19h-02h,grille,0.7352450980392158,0.9411764705882353,0.0,0.0,0.16012815380508713,0.37452836102579695,0.08771929824561403,0.03508771929824561,0.15789473684210525
0.9090909090909091,0.0,0.20100756305184242,MIA,tous,57,5.0,19h-02h,grille,0.8055555555555556,1.0,0.0,0.0,0.10990828873553218,0.28577380332470415,0.05263157894736842,0.0,0.12280701754385964
0.12121212121212122,0.0,0.8703882797784892,MIA,tous,58,0.25,12h-24h,grille,0.029411764705882353,0.2222222222222222,0.0,0.0,0.7478998770028596,0.9656151753728186,0.5,0.3620689655172414,0.6379310344827587
0.3333333333333333,0.0,0.6804138174397717,MIA,tous,58,1.0,12h-24h,grille,0.16214036617262426,0.4594594594594595,0.0,0.0,0.5465297591577689,0.8401857232859488,0.3793103448275862,0.27586206896551724,0.5172413793103449
0.36363636363636365,0.0,0.6557251176944726,MIA,tous,58,2.5,12h-24h,grille,0.21428571428571427,0.5,0.0,0.0,0.5286242112608702,0.7841039423070528,0.3620689655172414,0.2413793103448276,0.5004310344827583
0.5151515151515151,0.0,0.5372153093502535,MIA,tous,58,5.0,12h-24h,grille,0.375,0.6666666666666666,0.0,0.0,0.4092237955355674,0.648074069840786,0.27586206896551724,0.1724137931034483,0.39655172413793105
0.7142857142857143,0.0,0.48146228296631655,CHI,2026,57,1.0,18h-01h,groupe,0.5,0.9092803030303028,0.0,0.0,0.29173768074594136,0.6557438524302001,,,
0.7142857142857143,0.0,0.48146228296631655,CHI,apres_15juil2026,57,1.0,18h-01h,groupe,0.5,0.9092803030303028,0.0,0.0,0.29250896965085227,0.6642111641550714,,,
0.6,0.0,0.5751254043851921,CHI,tous,58,0.25,17h-23h,grille,0.26625000000000004,0.8002380952380951,0.0,0.0,0.3888279425685528,0.8300587159038307,0.10344827586206896,0.05172413793103448,0.1896551724137931
0.6,0.0,0.5751254043851921,CHI,tous,58,1.0,17h-23h,grille,0.2725757575757576,0.8095982142857142,0.0,0.0,0.39063717513493595,0.8268788433453995,0.10344827586206896,0.034482758620689655,0.1896551724137931
0.7333333333333333,0.0,0.4608098078517271,CHI,tous,58,2.5,17h-23h,grille,0.5,0.8888888888888888,0.0,0.0,0.30586873035762435,0.6804138174397716,0.06896551724137931,0.017241379310344827,0.13793103448275862
0.8666666666666667,0.0,0.3199702367110922,CHI,tous,58,5.0,17h-23h,grille,0.6247596153846154,1.0,0.0,0.0,0.18257418583505536,0.5736570379589532,0.034482758620689655,0.0,0.08620689655172414
0.7142857142857143,0.0,0.48146228296631655,CHI,tous,57,0.25,18h-01h,grille,0.5,0.9168269230769229,0.0,0.0,0.2666809709215205,0.6468132241526726,0.07017543859649122,0.017543859649122806,0.15789473684210525
0.7142857142857143,0.0,0.48146228296631655,CHI,tous,57,1.0,18h-01h,grille,0.5,0.8890350877192981,0.0,0.0,0.3052569707341966,0.6557438524302001,0.07017543859649122,0.017543859649122806,0.14035087719298245
0.9285714285714286,0.0,0.23419423301078574,CHI,tous,57,2.5,18h-01h,grille,0.7692307692307693,1.0,0.0,0.0,0.18175729499999246,0.4564354645876384,0.017543859649122806,0.0,0.05263157894736842
1.0,,,CHI,tous,57,5.0,18h-01h,grille,1.0,1.0,,,,,0.0,0.0,0.0
0.7142857142857143,0.0,0.48146228296631655,CHI,tous,57,0.25,19h-02h,grille,0.5,0.8948684210526314,0.0,0.0,0.29250896965085227,0.6642111641550714,0.07017543859649122,0.017543859649122806,0.14035087719298245
0.7857142857142857,0.0,0.41307979935470174,CHI,tous,57,1.0,19h-02h,grille,0.5714285714285714,1.0,0.0,0.0,0.23419423301078574,0.5989955062663851,0.05263157894736842,0.0,0.12280701754385964
0.9285714285714286,0.0,0.23419423301078574,CHI,tous,57,2.5,19h-02h,grille,0.7643382352941176,1.0,0.0,0.0,0.18175729499999246,0.4564354645876384,0.017543859649122806,0.0,0.05263157894736842
1.0,,,CHI,tous,57,5.0,19h-02h,grille,1.0,1.0,,,,,0.0,0.0,0.0
0.2,0.0,0.8647693836836048,CHI,tous,58,0.25,12h-24h,grille,0.0,0.3752403846153844,0.0,0.0,0.7442084075352507,1.0,0.20689655172413793,0.10344827586206896,0.3448275862068966
0.5333333333333333,0.0,0.6272671299275786,CHI,tous,58,1.0,12h-24h,grille,0.2,0.7058823529411765,0.0,0.0,0.48249790963716394,0.8763560920082657,0.1206896551724138,0.06896551724137931,0.20689655172413793
0.6666666666666666,0.0,0.5200387019946948,CHI,tous,58,2.5,12h-24h,grille,0.4166666666666667,0.8235294117647058,0.0,0.0,0.3698957420160343,0.7253576985527025,0.08620689655172414,0.034482758620689655,0.1724137931034483
0.7333333333333333,0.0,0.4608098078517271,CHI,tous,58,5.0,12h-24h,grille,0.5,0.9001190476190475,0.0,0.0,0.2900340174547066,0.67325079143897,0.06896551724137931,0.017241379310344827,0.13793103448275862
